"geoid","name","tract","kccd","sea_ccd","uploaded"
"14000US53033000100","Census Tract 1, King County, Washington",100,1,5,2022-02-02
"14000US53033000200","Census Tract 2, King County, Washington",200,1,5,2022-02-02
"14000US53033000300","Census Tract 3, King County, Washington",300,4,5,2022-02-02
"14000US53033000401","Census Tract 4.01, King County, Washington",401,4,5,2022-02-02
"14000US53033000402","Census Tract 4.02, King County, Washington",402,4,5,2022-02-02
"14000US53033000500","Census Tract 5, King County, Washington",500,4,5,2022-02-02
"14000US53033000600","Census Tract 6, King County, Washington",600,4,5,2022-02-02
"14000US53033000700","Census Tract 7, King County, Washington",700,1,5,2022-02-02
"14000US53033000800","Census Tract 8, King County, Washington",800,1,5,2022-02-02
"14000US53033000900","Census Tract 9, King County, Washington",900,1,5,2022-02-02
"14000US53033001000","Census Tract 10, King County, Washington",1000,1,5,2022-02-02
"14000US53033001100","Census Tract 11, King County, Washington",1100,1,5,2022-02-02
"14000US53033001200","Census Tract 12, King County, Washington",1200,1,5,2022-02-02
"14000US53033001300","Census Tract 13, King County, Washington",1300,4,5,2022-02-02
"14000US53033001400","Census Tract 14, King County, Washington",1400,4,5,2022-02-02
"14000US53033001500","Census Tract 15, King County, Washington",1500,4,6,2022-02-02
"14000US53033001600","Census Tract 16, King County, Washington",1600,4,6,2022-02-02
"14000US53033001701","Census Tract 17.01, King County, Washington",1701,4,5,2022-02-02
"14000US53033001702","Census Tract 17.02, King County, Washington",1702,4,6,2022-02-02
"14000US53033001800","Census Tract 18, King County, Washington",1800,4,5,2022-02-02
"14000US53033001900","Census Tract 19, King County, Washington",1900,1,5,2022-02-02
"14000US53033002000","Census Tract 20, King County, Washington",2000,1,5,2022-02-02
"14000US53033002100","Census Tract 21, King County, Washington",2100,1,5,2022-02-02
"14000US53033002200","Census Tract 22, King County, Washington",2200,1,4,2022-02-02
"14000US53033002400","Census Tract 24, King County, Washington",2400,1,4,2022-02-02
"14000US53033002500","Census Tract 25, King County, Washington",2500,1,4,2022-02-02
"14000US53033002600","Census Tract 26, King County, Washington",2600,1,4,2022-02-02
"14000US53033002700","Census Tract 27, King County, Washington",2700,4,4,2022-02-02
"14000US53033002800","Census Tract 28, King County, Washington",2800,4,6,2022-02-02
"14000US53033002900","Census Tract 29, King County, Washington",2900,4,6,2022-02-02
"14000US53033003000","Census Tract 30, King County, Washington",3000,4,6,2022-02-02
"14000US53033003100","Census Tract 31, King County, Washington",3100,4,6,2022-02-02
"14000US53033003200","Census Tract 32, King County, Washington",3200,4,6,2022-02-02
"14000US53033003300","Census Tract 33, King County, Washington",3300,4,6,2022-02-02
"14000US53033003400","Census Tract 34, King County, Washington",3400,4,6,2022-02-02
"14000US53033003500","Census Tract 35, King County, Washington",3500,4,6,2022-02-02
"14000US53033003600","Census Tract 36, King County, Washington",3600,4,4,2022-02-02
"14000US53033003800","Census Tract 38, King County, Washington",3800,1,4,2022-02-02
"14000US53033003900","Census Tract 39, King County, Washington",3900,1,4,2022-02-02
"14000US53033004000","Census Tract 40, King County, Washington",4000,1,4,2022-02-02
"14000US53033004100","Census Tract 41, King County, Washington",4100,2,4,2022-02-02
"14000US53033004200","Census Tract 42, King County, Washington",4200,2,4,2022-02-02
"14000US53033004301","Census Tract 43.01, King County, Washington",4301,2,4,2022-02-02
"14000US53033004302","Census Tract 43.02, King County, Washington",4302,2,4,2022-02-02
"14000US53033004400","Census Tract 44, King County, Washington",4400,2,4,2022-02-02
"14000US53033004500","Census Tract 45, King County, Washington",4500,2,4,2022-02-02
"14000US53033004600","Census Tract 46, King County, Washington",4600,4,6,2022-02-02
"14000US53033004700","Census Tract 47, King County, Washington",4700,4,6,2022-02-02
"14000US53033004800","Census Tract 48, King County, Washington",4800,4,6,2022-02-02
"14000US53033004900","Census Tract 49, King County, Washington",4900,4,6,2022-02-02
"14000US53033005000","Census Tract 50, King County, Washington",5000,4,4,2022-02-02
"14000US53033005100","Census Tract 51, King County, Washington",5100,4,4,2022-02-02
"14000US53033005200","Census Tract 52, King County, Washington",5200,2,4,2022-02-02
"14000US53033005301","Census Tract 53.01, King County, Washington",5301,2,4,2022-02-02
"14000US53033005302","Census Tract 53.02, King County, Washington",5302,2,4,2022-02-02
"14000US53033005400","Census Tract 54, King County, Washington",5400,4,4,2022-02-02
"14000US53033005600","Census Tract 56, King County, Washington",5600,4,7,2022-02-02
"14000US53033005700","Census Tract 57, King County, Washington",5700,4,7,2022-02-02
"14000US53033005801","Census Tract 58.01, King County, Washington",5801,4,7,2022-02-02
"14000US53033005802","Census Tract 58.02, King County, Washington",5802,4,7,2022-02-02
"14000US53033005900","Census Tract 59, King County, Washington",5900,4,7,2022-02-02
"14000US53033006000","Census Tract 60, King County, Washington",6000,4,7,2022-02-02
"14000US53033006100","Census Tract 61, King County, Washington",6100,2,5,2022-02-02
"14000US53033006200","Census Tract 62, King County, Washington",6200,2,3,2022-02-02
"14000US53033006300","Census Tract 63, King County, Washington",6300,2,3,2022-02-02
"14000US53033006400","Census Tract 64, King County, Washington",6400,2,3,2022-02-02
"14000US53033006500","Census Tract 65, King County, Washington",6500,2,3,2022-02-02
"14000US53033006600","Census Tract 66, King County, Washington",6600,4,3,2022-02-02
"14000US53033006700","Census Tract 67, King County, Washington",6700,4,7,2022-02-02
"14000US53033006800","Census Tract 68, King County, Washington",6800,4,7,2022-02-02
"14000US53033006900","Census Tract 69, King County, Washington",6900,4,7,2022-02-02
"14000US53033007000","Census Tract 70, King County, Washington",7000,4,7,2022-02-02
"14000US53033007100","Census Tract 71, King County, Washington",7100,4,7,2022-02-02
"14000US53033007200","Census Tract 72, King County, Washington",7200,4,7,2022-02-02
"14000US53033007300","Census Tract 73, King County, Washington",7300,4,7,2022-02-02
"14000US53033007401","Census Tract 74.01, King County, Washington",7401,8,3,2022-02-02
"14000US53033007402","Census Tract 74.02, King County, Washington",7402,8,3,2022-02-02
"14000US53033007500","Census Tract 75, King County, Washington",7500,8,3,2022-02-02
"14000US53033007600","Census Tract 76, King County, Washington",7600,2,3,2022-02-02
"14000US53033007700","Census Tract 77, King County, Washington",7700,2,3,2022-02-02
"14000US53033007800","Census Tract 78, King County, Washington",7800,2,3,2022-02-02
"14000US53033007900","Census Tract 79, King County, Washington",7900,2,3,2022-02-02
"14000US53033008001","Census Tract 80.01, King County, Washington",8001,4,7,2022-02-02
"14000US53033008002","Census Tract 80.02, King County, Washington",8002,4,7,2022-02-02
"14000US53033008100","Census Tract 81, King County, Washington",8100,4,7,2022-02-02
"14000US53033008200","Census Tract 82, King County, Washington",8200,8,7,2022-02-02
"14000US53033008300","Census Tract 83, King County, Washington",8300,8,3,2022-02-02
"14000US53033008400","Census Tract 84, King County, Washington",8400,8,3,2022-02-02
"14000US53033008500","Census Tract 85, King County, Washington",8500,8,3,2022-02-02
"14000US53033008600","Census Tract 86, King County, Washington",8600,8,3,2022-02-02
"14000US53033008700","Census Tract 87, King County, Washington",8700,2,3,2022-02-02
"14000US53033008800","Census Tract 88, King County, Washington",8800,2,3,2022-02-02
"14000US53033008900","Census Tract 89, King County, Washington",8900,2,3,2022-02-02
"14000US53033009000","Census Tract 90, King County, Washington",9000,2,3,2022-02-02
"14000US53033009100","Census Tract 91, King County, Washington",9100,2,2,2022-02-02
"14000US53033009200","Census Tract 92, King County, Washington",9200,8,2,2022-02-02
"14000US53033009300","Census Tract 93, King County, Washington",9300,8,2,2022-02-02
"14000US53033009400","Census Tract 94, King County, Washington",9400,2,2,2022-02-02
"14000US53033009500","Census Tract 95, King County, Washington",9500,2,2,2022-02-02
"14000US53033009600","Census Tract 96, King County, Washington",9600,8,1,2022-02-02
"14000US53033009701","Census Tract 97.01, King County, Washington",9701,8,1,2022-02-02
"14000US53033009702","Census Tract 97.02, King County, Washington",9702,8,1,2022-02-02
"14000US53033009800","Census Tract 98, King County, Washington",9800,8,1,2022-02-02
"14000US53033009900","Census Tract 99, King County, Washington",9900,8,1,2022-02-02
"14000US53033010001","Census Tract 100.01, King County, Washington",10001,2,2,2022-02-02
"14000US53033010002","Census Tract 100.02, King County, Washington",10002,2,2,2022-02-02
"14000US53033010100","Census Tract 101, King County, Washington",10100,2,2,2022-02-02
"14000US53033010200","Census Tract 102, King County, Washington",10200,2,2,2022-02-02
"14000US53033010300","Census Tract 103, King County, Washington",10300,2,2,2022-02-02
"14000US53033010401","Census Tract 104.01, King County, Washington",10401,2,2,2022-02-02
"14000US53033010402","Census Tract 104.02, King County, Washington",10402,2,2,2022-02-02
"14000US53033010500","Census Tract 105, King County, Washington",10500,8,1,2022-02-02
"14000US53033010600","Census Tract 106, King County, Washington",10600,8,1,2022-02-02
"14000US53033010701","Census Tract 107.01, King County, Washington",10701,8,1,2022-02-02
"14000US53033010702","Census Tract 107.02, King County, Washington",10702,8,1,2022-02-02
"14000US53033010800","Census Tract 108, King County, Washington",10800,8,1,2022-02-02
"14000US53033010900","Census Tract 109, King County, Washington",10900,8,2,2022-02-02
"14000US53033011001","Census Tract 110.01, King County, Washington",11001,2,2,2022-02-02
"14000US53033011002","Census Tract 110.02, King County, Washington",11002,2,2,2022-02-02
"14000US53033011101","Census Tract 111.01, King County, Washington",11101,2,2,2022-02-02
"14000US53033011102","Census Tract 111.02, King County, Washington",11102,2,2,2022-02-02
"14000US53033011200","Census Tract 112, King County, Washington",11200,8,1,2022-02-02
"14000US53033011300","Census Tract 113, King County, Washington",11300,8,1,2022-02-02
"14000US53033011401","Census Tract 114.01, King County, Washington",11401,8,1,2022-02-02
"14000US53033011402","Census Tract 114.02, King County, Washington",11402,8,1,2022-02-02
"14000US53033011500","Census Tract 115, King County, Washington",11500,8,1,2022-02-02
"14000US53033011600","Census Tract 116, King County, Washington",11600,8,1,2022-02-02
"14000US53033011700","Census Tract 117, King County, Washington",11700,2,2,2022-02-02
"14000US53033011800","Census Tract 118, King County, Washington",11800,2,2,2022-02-02
"14000US53033011900","Census Tract 119, King County, Washington",11900,2,2,2022-02-02
"14000US53033012000","Census Tract 120, King County, Washington",12000,8,1,2022-02-02
"14000US53033012100","Census Tract 121, King County, Washington",12100,8,1,2022-02-02
"14000US53033020100","Census Tract 201, King County, Washington",20100,1,NA,2022-02-02
"14000US53033020200","Census Tract 202, King County, Washington",20200,1,NA,2022-02-02
"14000US53033020300","Census Tract 203, King County, Washington",20300,1,NA,2022-02-02
"14000US53033020401","Census Tract 204.01, King County, Washington",20401,1,NA,2022-02-02
"14000US53033020402","Census Tract 204.02, King County, Washington",20402,1,NA,2022-02-02
"14000US53033020500","Census Tract 205, King County, Washington",20500,1,NA,2022-02-02
"14000US53033020600","Census Tract 206, King County, Washington",20600,1,NA,2022-02-02
"14000US53033020700","Census Tract 207, King County, Washington",20700,1,NA,2022-02-02
"14000US53033020800","Census Tract 208, King County, Washington",20800,1,NA,2022-02-02
"14000US53033020900","Census Tract 209, King County, Washington",20900,1,NA,2022-02-02
"14000US53033021000","Census Tract 210, King County, Washington",21000,1,NA,2022-02-02
"14000US53033021100","Census Tract 211, King County, Washington",21100,1,NA,2022-02-02
"14000US53033021300","Census Tract 213, King County, Washington",21300,1,NA,2022-02-02
"14000US53033021400","Census Tract 214, King County, Washington",21400,1,NA,2022-02-02
"14000US53033021500","Census Tract 215, King County, Washington",21500,1,NA,2022-02-02
"14000US53033021600","Census Tract 216, King County, Washington",21600,1,NA,2022-02-02
"14000US53033021700","Census Tract 217, King County, Washington",21700,1,NA,2022-02-02
"14000US53033021802","Census Tract 218.02, King County, Washington",21802,1,NA,2022-02-02
"14000US53033021803","Census Tract 218.03, King County, Washington",21803,1,NA,2022-02-02
"14000US53033021804","Census Tract 218.04, King County, Washington",21804,1,NA,2022-02-02
"14000US53033021903","Census Tract 219.03, King County, Washington",21903,6,NA,2022-02-02
"14000US53033021904","Census Tract 219.04, King County, Washington",21904,6,NA,2022-02-02
"14000US53033021905","Census Tract 219.05, King County, Washington",21905,1,NA,2022-02-02
"14000US53033021906","Census Tract 219.06, King County, Washington",21906,6,NA,2022-02-02
"14000US53033022001","Census Tract 220.01, King County, Washington",22001,1,NA,2022-02-02
"14000US53033022003","Census Tract 220.03, King County, Washington",22003,1,NA,2022-02-02
"14000US53033022005","Census Tract 220.05, King County, Washington",22005,6,NA,2022-02-02
"14000US53033022006","Census Tract 220.06, King County, Washington",22006,6,NA,2022-02-02
"14000US53033022101","Census Tract 221.01, King County, Washington",22101,1,NA,2022-02-02
"14000US53033022102","Census Tract 221.02, King County, Washington",22102,1,NA,2022-02-02
"14000US53033022201","Census Tract 222.01, King County, Washington",22201,1,NA,2022-02-02
"14000US53033022202","Census Tract 222.02, King County, Washington",22202,1,NA,2022-02-02
"14000US53033022203","Census Tract 222.03, King County, Washington",22203,1,NA,2022-02-02
"14000US53033022300","Census Tract 223, King County, Washington",22300,1,NA,2022-02-02
"14000US53033022400","Census Tract 224, King County, Washington",22400,6,NA,2022-02-02
"14000US53033022500","Census Tract 225, King County, Washington",22500,6,NA,2022-02-02
"14000US53033022603","Census Tract 226.03, King County, Washington",22603,6,NA,2022-02-02
"14000US53033022604","Census Tract 226.04, King County, Washington",22604,6,NA,2022-02-02
"14000US53033022605","Census Tract 226.05, King County, Washington",22605,6,NA,2022-02-02
"14000US53033022606","Census Tract 226.06, King County, Washington",22606,6,NA,2022-02-02
"14000US53033022701","Census Tract 227.01, King County, Washington",22701,6,NA,2022-02-02
"14000US53033022702","Census Tract 227.02, King County, Washington",22702,6,NA,2022-02-02
"14000US53033022703","Census Tract 227.03, King County, Washington",22703,6,NA,2022-02-02
"14000US53033022801","Census Tract 228.01, King County, Washington",22801,6,NA,2022-02-02
"14000US53033022802","Census Tract 228.02, King County, Washington",22802,6,NA,2022-02-02
"14000US53033022803","Census Tract 228.03, King County, Washington",22803,6,NA,2022-02-02
"14000US53033022901","Census Tract 229.01, King County, Washington",22901,6,NA,2022-02-02
"14000US53033022902","Census Tract 229.02, King County, Washington",22902,6,NA,2022-02-02
"14000US53033023000","Census Tract 230, King County, Washington",23000,6,NA,2022-02-02
"14000US53033023100","Census Tract 231, King County, Washington",23100,6,NA,2022-02-02
"14000US53033023201","Census Tract 232.01, King County, Washington",23201,6,NA,2022-02-02
"14000US53033023202","Census Tract 232.02, King County, Washington",23202,6,NA,2022-02-02
"14000US53033023300","Census Tract 233, King County, Washington",23300,6,NA,2022-02-02
"14000US53033023401","Census Tract 234.01, King County, Washington",23401,6,NA,2022-02-02
"14000US53033023403","Census Tract 234.03, King County, Washington",23403,6,NA,2022-02-02
"14000US53033023404","Census Tract 234.04, King County, Washington",23404,3,NA,2022-02-02
"14000US53033023500","Census Tract 235, King County, Washington",23500,6,NA,2022-02-02
"14000US53033023601","Census Tract 236.01, King County, Washington",23601,6,NA,2022-02-02
"14000US53033023603","Census Tract 236.03, King County, Washington",23603,6,NA,2022-02-02
"14000US53033023604","Census Tract 236.04, King County, Washington",23604,6,NA,2022-02-02
"14000US53033023700","Census Tract 237, King County, Washington",23700,6,NA,2022-02-02
"14000US53033023801","Census Tract 238.01, King County, Washington",23801,6,NA,2022-02-02
"14000US53033023803","Census Tract 238.03, King County, Washington",23803,6,NA,2022-02-02
"14000US53033023804","Census Tract 238.04, King County, Washington",23804,6,NA,2022-02-02
"14000US53033023900","Census Tract 239, King County, Washington",23900,6,NA,2022-02-02
"14000US53033024000","Census Tract 240, King County, Washington",24000,6,NA,2022-02-02
"14000US53033024100","Census Tract 241, King County, Washington",24100,6,NA,2022-02-02
"14000US53033024200","Census Tract 242, King County, Washington",24200,6,NA,2022-02-02
"14000US53033024300","Census Tract 243, King County, Washington",24300,6,NA,2022-02-02
"14000US53033024400","Census Tract 244, King County, Washington",24400,6,NA,2022-02-02
"14000US53033024500","Census Tract 245, King County, Washington",24500,6,NA,2022-02-02
"14000US53033024601","Census Tract 246.01, King County, Washington",24601,6,NA,2022-02-02
"14000US53033024602","Census Tract 246.02, King County, Washington",24602,6,NA,2022-02-02
"14000US53033024701","Census Tract 247.01, King County, Washington",24701,9,NA,2022-02-02
"14000US53033024702","Census Tract 247.02, King County, Washington",24702,9,NA,2022-02-02
"14000US53033024800","Census Tract 248, King County, Washington",24800,9,NA,2022-02-02
"14000US53033024901","Census Tract 249.01, King County, Washington",24901,6,NA,2022-02-02
"14000US53033024902","Census Tract 249.02, King County, Washington",24902,6,NA,2022-02-02
"14000US53033024903","Census Tract 249.03, King County, Washington",24903,9,NA,2022-02-02
"14000US53033025001","Census Tract 250.01, King County, Washington",25001,9,NA,2022-02-02
"14000US53033025003","Census Tract 250.03, King County, Washington",25003,6,NA,2022-02-02
"14000US53033025005","Census Tract 250.05, King County, Washington",25005,9,NA,2022-02-02
"14000US53033025006","Census Tract 250.06, King County, Washington",25006,9,NA,2022-02-02
"14000US53033025101","Census Tract 251.01, King County, Washington",25101,9,NA,2022-02-02
"14000US53033025102","Census Tract 251.02, King County, Washington",25102,9,NA,2022-02-02
"14000US53033025200","Census Tract 252, King County, Washington",25200,9,NA,2022-02-02
"14000US53033025301","Census Tract 253.01, King County, Washington",25301,5,NA,2022-02-02
"14000US53033025302","Census Tract 253.02, King County, Washington",25302,5,NA,2022-02-02
"14000US53033025400","Census Tract 254, King County, Washington",25400,9,NA,2022-02-02
"14000US53033025500","Census Tract 255, King County, Washington",25500,9,NA,2022-02-02
"14000US53033025601","Census Tract 256.01, King County, Washington",25601,9,NA,2022-02-02
"14000US53033025602","Census Tract 256.02, King County, Washington",25602,9,NA,2022-02-02
"14000US53033025701","Census Tract 257.01, King County, Washington",25701,5,NA,2022-02-02
"14000US53033025702","Census Tract 257.02, King County, Washington",25702,9,NA,2022-02-02
"14000US53033025803","Census Tract 258.03, King County, Washington",25803,5,NA,2022-02-02
"14000US53033025804","Census Tract 258.04, King County, Washington",25804,5,NA,2022-02-02
"14000US53033025805","Census Tract 258.05, King County, Washington",25805,5,NA,2022-02-02
"14000US53033025806","Census Tract 258.06, King County, Washington",25806,5,NA,2022-02-02
"14000US53033026001","Census Tract 260.01, King County, Washington",26001,2,NA,2022-02-02
"14000US53033026002","Census Tract 260.02, King County, Washington",26002,5,NA,2022-02-02
"14000US53033026100","Census Tract 261, King County, Washington",26100,2,NA,2022-02-02
"14000US53033026200","Census Tract 262, King County, Washington",26200,5,NA,2022-02-02
"14000US53033026300","Census Tract 263, King County, Washington",26300,8,NA,2022-02-02
"14000US53033026400","Census Tract 264, King County, Washington",26400,8,NA,2022-02-02
"14000US53033026500","Census Tract 265, King County, Washington",26500,8,NA,2022-02-02
"14000US53033026600","Census Tract 266, King County, Washington",26600,8,NA,2022-02-02
"14000US53033026700","Census Tract 267, King County, Washington",26700,8,NA,2022-02-02
"14000US53033026801","Census Tract 268.01, King County, Washington",26801,8,NA,2022-02-02
"14000US53033026802","Census Tract 268.02, King County, Washington",26802,8,NA,2022-02-02
"14000US53033027000","Census Tract 270, King County, Washington",27000,8,NA,2022-02-02
"14000US53033027100","Census Tract 271, King County, Washington",27100,8,NA,2022-02-02
"14000US53033027200","Census Tract 272, King County, Washington",27200,8,NA,2022-02-02
"14000US53033027300","Census Tract 273, King County, Washington",27300,8,NA,2022-02-02
"14000US53033027400","Census Tract 274, King County, Washington",27400,8,NA,2022-02-02
"14000US53033027500","Census Tract 275, King County, Washington",27500,8,NA,2022-02-02
"14000US53033027600","Census Tract 276, King County, Washington",27600,8,NA,2022-02-02
"14000US53033027701","Census Tract 277.01, King County, Washington",27701,8,NA,2022-02-02
"14000US53033027702","Census Tract 277.02, King County, Washington",27702,8,NA,2022-02-02
"14000US53033027800","Census Tract 278, King County, Washington",27800,5,NA,2022-02-02
"14000US53033027900","Census Tract 279, King County, Washington",27900,5,NA,2022-02-02
"14000US53033028000","Census Tract 280, King County, Washington",28000,8,NA,2022-02-02
"14000US53033028100","Census Tract 281, King County, Washington",28100,8,NA,2022-02-02
"14000US53033028200","Census Tract 282, King County, Washington",28200,8,NA,2022-02-02
"14000US53033028300","Census Tract 283, King County, Washington",28300,5,NA,2022-02-02
"14000US53033028402","Census Tract 284.02, King County, Washington",28402,5,NA,2022-02-02
"14000US53033028403","Census Tract 284.03, King County, Washington",28403,5,NA,2022-02-02
"14000US53033028500","Census Tract 285, King County, Washington",28500,5,NA,2022-02-02
"14000US53033028600","Census Tract 286, King County, Washington",28600,5,NA,2022-02-02
"14000US53033028700","Census Tract 287, King County, Washington",28700,5,NA,2022-02-02
"14000US53033028801","Census Tract 288.01, King County, Washington",28801,5,NA,2022-02-02
"14000US53033028802","Census Tract 288.02, King County, Washington",28802,5,NA,2022-02-02
"14000US53033028901","Census Tract 289.01, King County, Washington",28901,5,NA,2022-02-02
"14000US53033028902","Census Tract 289.02, King County, Washington",28902,5,NA,2022-02-02
"14000US53033029001","Census Tract 290.01, King County, Washington",29001,5,NA,2022-02-02
"14000US53033029003","Census Tract 290.03, King County, Washington",29003,5,NA,2022-02-02
"14000US53033029004","Census Tract 290.04, King County, Washington",29004,5,NA,2022-02-02
"14000US53033029101","Census Tract 291.01, King County, Washington",29101,5,NA,2022-02-02
"14000US53033029102","Census Tract 291.02, King County, Washington",29102,5,NA,2022-02-02
"14000US53033029203","Census Tract 292.03, King County, Washington",29203,5,NA,2022-02-02
"14000US53033029204","Census Tract 292.04, King County, Washington",29204,5,NA,2022-02-02
"14000US53033029205","Census Tract 292.05, King County, Washington",29205,5,NA,2022-02-02
"14000US53033029206","Census Tract 292.06, King County, Washington",29206,5,NA,2022-02-02
"14000US53033029303","Census Tract 293.03, King County, Washington",29303,5,NA,2022-02-02
"14000US53033029304","Census Tract 293.04, King County, Washington",29304,5,NA,2022-02-02
"14000US53033029305","Census Tract 293.05, King County, Washington",29305,5,NA,2022-02-02
"14000US53033029306","Census Tract 293.06, King County, Washington",29306,5,NA,2022-02-02
"14000US53033029307","Census Tract 293.07, King County, Washington",29307,9,NA,2022-02-02
"14000US53033029403","Census Tract 294.03, King County, Washington",29403,5,NA,2022-02-02
"14000US53033029405","Census Tract 294.05, King County, Washington",29405,5,NA,2022-02-02
"14000US53033029406","Census Tract 294.06, King County, Washington",29406,5,NA,2022-02-02
"14000US53033029407","Census Tract 294.07, King County, Washington",29407,5,NA,2022-02-02
"14000US53033029408","Census Tract 294.08, King County, Washington",29408,5,NA,2022-02-02
"14000US53033029502","Census Tract 295.02, King County, Washington",29502,5,NA,2022-02-02
"14000US53033029503","Census Tract 295.03, King County, Washington",29503,5,NA,2022-02-02
"14000US53033029504","Census Tract 295.04, King County, Washington",29504,5,NA,2022-02-02
"14000US53033029601","Census Tract 296.01, King County, Washington",29601,7,NA,2022-02-02
"14000US53033029602","Census Tract 296.02, King County, Washington",29602,7,NA,2022-02-02
"14000US53033029700","Census Tract 297, King County, Washington",29700,5,NA,2022-02-02
"14000US53033029801","Census Tract 298.01, King County, Washington",29801,5,NA,2022-02-02
"14000US53033029802","Census Tract 298.02, King County, Washington",29802,7,NA,2022-02-02
"14000US53033029901","Census Tract 299.01, King County, Washington",29901,7,NA,2022-02-02
"14000US53033029902","Census Tract 299.02, King County, Washington",29902,7,NA,2022-02-02
"14000US53033030003","Census Tract 300.03, King County, Washington",30003,5,NA,2022-02-02
"14000US53033030004","Census Tract 300.04, King County, Washington",30004,7,NA,2022-02-02
"14000US53033030005","Census Tract 300.05, King County, Washington",30005,7,NA,2022-02-02
"14000US53033030006","Census Tract 300.06, King County, Washington",30006,7,NA,2022-02-02
"14000US53033030100","Census Tract 301, King County, Washington",30100,7,NA,2022-02-02
"14000US53033030201","Census Tract 302.01, King County, Washington",30201,7,NA,2022-02-02
"14000US53033030202","Census Tract 302.02, King County, Washington",30202,7,NA,2022-02-02
"14000US53033030304","Census Tract 303.04, King County, Washington",30304,7,NA,2022-02-02
"14000US53033030305","Census Tract 303.05, King County, Washington",30305,7,NA,2022-02-02
"14000US53033030306","Census Tract 303.06, King County, Washington",30306,7,NA,2022-02-02
"14000US53033030308","Census Tract 303.08, King County, Washington",30308,7,NA,2022-02-02
"14000US53033030309","Census Tract 303.09, King County, Washington",30309,7,NA,2022-02-02
"14000US53033030310","Census Tract 303.10, King County, Washington",30310,7,NA,2022-02-02
"14000US53033030311","Census Tract 303.11, King County, Washington",30311,7,NA,2022-02-02
"14000US53033030312","Census Tract 303.12, King County, Washington",30312,7,NA,2022-02-02
"14000US53033030313","Census Tract 303.13, King County, Washington",30313,7,NA,2022-02-02
"14000US53033030314","Census Tract 303.14, King County, Washington",30314,7,NA,2022-02-02
"14000US53033030401","Census Tract 304.01, King County, Washington",30401,7,NA,2022-02-02
"14000US53033030403","Census Tract 304.03, King County, Washington",30403,7,NA,2022-02-02
"14000US53033030404","Census Tract 304.04, King County, Washington",30404,7,NA,2022-02-02
"14000US53033030501","Census Tract 305.01, King County, Washington",30501,7,NA,2022-02-02
"14000US53033030503","Census Tract 305.03, King County, Washington",30503,7,NA,2022-02-02
"14000US53033030504","Census Tract 305.04, King County, Washington",30504,7,NA,2022-02-02
"14000US53033030600","Census Tract 306, King County, Washington",30600,7,NA,2022-02-02
"14000US53033030700","Census Tract 307, King County, Washington",30700,7,NA,2022-02-02
"14000US53033030801","Census Tract 308.01, King County, Washington",30801,7,NA,2022-02-02
"14000US53033030802","Census Tract 308.02, King County, Washington",30802,7,NA,2022-02-02
"14000US53033030901","Census Tract 309.01, King County, Washington",30901,7,NA,2022-02-02
"14000US53033030902","Census Tract 309.02, King County, Washington",30902,7,NA,2022-02-02
"14000US53033031000","Census Tract 310, King County, Washington",31000,7,NA,2022-02-02
"14000US53033031100","Census Tract 311, King County, Washington",31100,7,NA,2022-02-02
"14000US53033031202","Census Tract 312.02, King County, Washington",31202,7,NA,2022-02-02
"14000US53033031204","Census Tract 312.04, King County, Washington",31204,7,NA,2022-02-02
"14000US53033031205","Census Tract 312.05, King County, Washington",31205,7,NA,2022-02-02
"14000US53033031206","Census Tract 312.06, King County, Washington",31206,7,NA,2022-02-02
"14000US53033031301","Census Tract 313.01, King County, Washington",31301,7,NA,2022-02-02
"14000US53033031302","Census Tract 313.02, King County, Washington",31302,9,NA,2022-02-02
"14000US53033031400","Census Tract 314, King County, Washington",31400,9,NA,2022-02-02
"14000US53033031501","Census Tract 315.01, King County, Washington",31501,9,NA,2022-02-02
"14000US53033031502","Census Tract 315.02, King County, Washington",31502,9,NA,2022-02-02
"14000US53033031601","Census Tract 316.01, King County, Washington",31601,7,NA,2022-02-02
"14000US53033031603","Census Tract 316.03, King County, Washington",31603,9,NA,2022-02-02
"14000US53033031604","Census Tract 316.04, King County, Washington",31604,9,NA,2022-02-02
"14000US53033031605","Census Tract 316.05, King County, Washington",31605,9,NA,2022-02-02
"14000US53033031703","Census Tract 317.03, King County, Washington",31703,9,NA,2022-02-02
"14000US53033031704","Census Tract 317.04, King County, Washington",31704,7,NA,2022-02-02
"14000US53033031705","Census Tract 317.05, King County, Washington",31705,9,NA,2022-02-02
"14000US53033031706","Census Tract 317.06, King County, Washington",31706,9,NA,2022-02-02
"14000US53033031800","Census Tract 318, King County, Washington",31800,9,NA,2022-02-02
"14000US53033031903","Census Tract 319.03, King County, Washington",31903,9,NA,2022-02-02
"14000US53033031904","Census Tract 319.04, King County, Washington",31904,9,NA,2022-02-02
"14000US53033031906","Census Tract 319.06, King County, Washington",31906,9,NA,2022-02-02
"14000US53033031907","Census Tract 319.07, King County, Washington",31907,9,NA,2022-02-02
"14000US53033031908","Census Tract 319.08, King County, Washington",31908,9,NA,2022-02-02
"14000US53033031909","Census Tract 319.09, King County, Washington",31909,9,NA,2022-02-02
"14000US53033032002","Census Tract 320.02, King County, Washington",32002,9,NA,2022-02-02
"14000US53033032003","Census Tract 320.03, King County, Washington",32003,9,NA,2022-02-02
"14000US53033032005","Census Tract 320.05, King County, Washington",32005,9,NA,2022-02-02
"14000US53033032006","Census Tract 320.06, King County, Washington",32006,9,NA,2022-02-02
"14000US53033032007","Census Tract 320.07, King County, Washington",32007,9,NA,2022-02-02
"14000US53033032008","Census Tract 320.08, King County, Washington",32008,9,NA,2022-02-02
"14000US53033032010","Census Tract 320.10, King County, Washington",32010,9,NA,2022-02-02
"14000US53033032011","Census Tract 320.11, King County, Washington",32011,9,NA,2022-02-02
"14000US53033032102","Census Tract 321.02, King County, Washington",32102,3,NA,2022-02-02
"14000US53033032103","Census Tract 321.03, King County, Washington",32103,3,NA,2022-02-02
"14000US53033032104","Census Tract 321.04, King County, Washington",32104,9,NA,2022-02-02
"14000US53033032203","Census Tract 322.03, King County, Washington",32203,3,NA,2022-02-02
"14000US53033032207","Census Tract 322.07, King County, Washington",32207,3,NA,2022-02-02
"14000US53033032208","Census Tract 322.08, King County, Washington",32208,3,NA,2022-02-02
"14000US53033032210","Census Tract 322.10, King County, Washington",32210,3,NA,2022-02-02
"14000US53033032211","Census Tract 322.11, King County, Washington",32211,3,NA,2022-02-02
"14000US53033032212","Census Tract 322.12, King County, Washington",32212,3,NA,2022-02-02
"14000US53033032213","Census Tract 322.13, King County, Washington",32213,3,NA,2022-02-02
"14000US53033032214","Census Tract 322.14, King County, Washington",32214,3,NA,2022-02-02
"14000US53033032215","Census Tract 322.15, King County, Washington",32215,3,NA,2022-02-02
"14000US53033032307","Census Tract 323.07, King County, Washington",32307,3,NA,2022-02-02
"14000US53033032309","Census Tract 323.09, King County, Washington",32309,3,NA,2022-02-02
"14000US53033032311","Census Tract 323.11, King County, Washington",32311,3,NA,2022-02-02
"14000US53033032313","Census Tract 323.13, King County, Washington",32313,3,NA,2022-02-02
"14000US53033032315","Census Tract 323.15, King County, Washington",32315,3,NA,2022-02-02
"14000US53033032316","Census Tract 323.16, King County, Washington",32316,3,NA,2022-02-02
"14000US53033032317","Census Tract 323.17, King County, Washington",32317,3,NA,2022-02-02
"14000US53033032318","Census Tract 323.18, King County, Washington",32318,3,NA,2022-02-02
"14000US53033032319","Census Tract 323.19, King County, Washington",32319,1,NA,2022-02-02
"14000US53033032320","Census Tract 323.20, King County, Washington",32320,3,NA,2022-02-02
"14000US53033032321","Census Tract 323.21, King County, Washington",32321,3,NA,2022-02-02
"14000US53033032322","Census Tract 323.22, King County, Washington",32322,3,NA,2022-02-02
"14000US53033032323","Census Tract 323.23, King County, Washington",32323,3,NA,2022-02-02
"14000US53033032324","Census Tract 323.24, King County, Washington",32324,3,NA,2022-02-02
"14000US53033032325","Census Tract 323.25, King County, Washington",32325,3,NA,2022-02-02
"14000US53033032326","Census Tract 323.26, King County, Washington",32326,3,NA,2022-02-02
"14000US53033032327","Census Tract 323.27, King County, Washington",32327,3,NA,2022-02-02
"14000US53033032328","Census Tract 323.28, King County, Washington",32328,3,NA,2022-02-02
"14000US53033032329","Census Tract 323.29, King County, Washington",32329,3,NA,2022-02-02
"14000US53033032401","Census Tract 324.01, King County, Washington",32401,3,NA,2022-02-02
"14000US53033032402","Census Tract 324.02, King County, Washington",32402,3,NA,2022-02-02
"14000US53033032500","Census Tract 325, King County, Washington",32500,3,NA,2022-02-02
"14000US53033032601","Census Tract 326.01, King County, Washington",32601,3,NA,2022-02-02
"14000US53033032602","Census Tract 326.02, King County, Washington",32602,3,NA,2022-02-02
"14000US53033032702","Census Tract 327.02, King County, Washington",32702,3,NA,2022-02-02
"14000US53033032703","Census Tract 327.03, King County, Washington",32703,3,NA,2022-02-02
"14000US53033032704","Census Tract 327.04, King County, Washington",32704,3,NA,2022-02-02
"14000US53033032800","Census Tract 328, King County, Washington",32800,3,NA,2022-02-02
