"hra20_id","hra20_name","place20","tract20","bg20","creation_date"
1,"Enumclaw, Black Diamond, and Southeast King County","5306330",NA,NA,2023-03-15
1,"Enumclaw, Black Diamond, and Southeast King County","5322045",NA,NA,2023-03-15
1,"Enumclaw, Black Diamond, and Southeast King County","5337345",NA,NA,2023-03-15
1,"Enumclaw, Black Diamond, and Southeast King County","5337567",NA,NA,2023-03-15
1,"Enumclaw, Black Diamond, and Southeast King County",NA,"53033031202",NA,2023-03-15
1,"Enumclaw, Black Diamond, and Southeast King County",NA,"53033031301",NA,2023-03-15
1,"Enumclaw, Black Diamond, and Southeast King County",NA,"53033031302",NA,2023-03-15
1,"Enumclaw, Black Diamond, and Southeast King County",NA,"53033031605",NA,2023-03-15
1,"Enumclaw, Black Diamond, and Southeast King County",NA,NA,"530330312043",2023-03-15
1,"Enumclaw, Black Diamond, and Southeast King County",NA,NA,"530330315013",2023-03-15
1,"Enumclaw, Black Diamond, and Southeast King County",NA,NA,"530330315021",2023-03-15
1,"Enumclaw, Black Diamond, and Southeast King County",NA,NA,"530330315022",2023-03-15
1,"Enumclaw, Black Diamond, and Southeast King County",NA,NA,"530330315023",2023-03-15
1,"Enumclaw, Black Diamond, and Southeast King County",NA,NA,"530330316033",2023-03-15
2,"Auburn - South",NA,"53033030700",NA,2023-03-15
2,"Auburn - South",NA,"53033030801",NA,2023-03-15
2,"Auburn - South",NA,"53033030802",NA,2023-03-15
2,"Auburn - South",NA,"53033031000",NA,2023-03-15
2,"Auburn - South",NA,"53033031102",NA,2023-03-15
2,"Auburn - South",NA,NA,"530330311011",2023-03-15
2,"Auburn - South",NA,NA,"530330311012",2023-03-15
3,"Federal Way - Dash Point and Southern Rim",NA,"53033030304",NA,2023-03-15
3,"Federal Way - Dash Point and Southern Rim",NA,"53033030306",NA,2023-03-15
3,"Federal Way - Dash Point and Southern Rim",NA,"53033030310",NA,2023-03-15
3,"Federal Way - Dash Point and Southern Rim",NA,"53033030312",NA,2023-03-15
3,"Federal Way - Dash Point and Southern Rim",NA,"53033030407",NA,2023-03-15
3,"Federal Way - Dash Point and Southern Rim",NA,NA,"530330303051",2023-03-15
3,"Federal Way - Dash Point and Southern Rim",NA,NA,"530330303053",2023-03-15
3,"Federal Way - Dash Point and Southern Rim",NA,NA,"530330303092",2023-03-15
3,"Federal Way - Dash Point and Southern Rim",NA,NA,"530330303093",2023-03-15
3,"Federal Way - Dash Point and Southern Rim",NA,NA,"530330303111",2023-03-15
3,"Federal Way - Dash Point and Southern Rim",NA,NA,"530330303112",2023-03-15
3,"Federal Way - Dash Point and Southern Rim",NA,NA,"530330303133",2023-03-15
3,"Federal Way - Dash Point and Southern Rim",NA,NA,"530330304032",2023-03-15
4,"Lakeland, Algona, Pacific, and Milton","5301290",NA,NA,2023-03-15
4,"Lakeland, Algona, Pacific, and Milton","5337420",NA,NA,2023-03-15
4,"Lakeland, Algona, Pacific, and Milton","5337430",NA,NA,2023-03-15
4,"Lakeland, Algona, Pacific, and Milton",NA,"53033030902",NA,2023-03-15
4,"Lakeland, Algona, Pacific, and Milton",NA,NA,"530330298031",2023-03-15
4,"Lakeland, Algona, Pacific, and Milton",NA,NA,"530330298063",2023-03-15
4,"Lakeland, Algona, Pacific, and Milton",NA,NA,"530330304033",2023-03-15
4,"Lakeland, Algona, Pacific, and Milton",NA,NA,"530330309012",2023-03-15
5,"Auburn - North",NA,"53033029602",NA,2023-03-15
5,"Auburn - North",NA,"53033029902",NA,2023-03-15
5,"Auburn - North",NA,"53033030501",NA,2023-03-15
5,"Auburn - North",NA,"53033030503",NA,2023-03-15
5,"Auburn - North",NA,"53033030504",NA,2023-03-15
5,"Auburn - North",NA,"53033031207",NA,2023-03-15
5,"Auburn - North",NA,"53033031208",NA,2023-03-15
5,"Auburn - North",NA,NA,"530330298054",2023-03-15
5,"Auburn - North",NA,NA,"530330306001",2023-03-15
5,"Auburn - North",NA,NA,"530330306002",2023-03-15
5,"Auburn - North",NA,NA,"530330306003",2023-03-15
5,"Auburn - North",NA,NA,"530330306004",2023-03-15
5,"Auburn - North",NA,NA,"530330312061",2023-03-15
5,"Auburn - North",NA,NA,"530330312062",2023-03-15
5,"Auburn - North",NA,NA,"530330312063",2023-03-15
6,"Federal Way - Central",NA,"53033030101",NA,2023-03-15
6,"Federal Way - Central",NA,"53033030201",NA,2023-03-15
6,"Federal Way - Central",NA,"53033030308",NA,2023-03-15
6,"Federal Way - Central",NA,NA,"530330301022",2023-03-15
6,"Federal Way - Central",NA,NA,"530330302032",2023-03-15
6,"Federal Way - Central",NA,NA,"530330302033",2023-03-15
6,"Federal Way - Central",NA,NA,"530330302041",2023-03-15
6,"Federal Way - Central",NA,NA,"530330303052",2023-03-15
6,"Federal Way - Central",NA,NA,"530330303091",2023-03-15
6,"Federal Way - Central",NA,NA,"530330303094",2023-03-15
6,"Federal Way - Central",NA,NA,"530330303113",2023-03-15
6,"Federal Way - Central",NA,NA,"530330303114",2023-03-15
6,"Federal Way - Central",NA,NA,"530330303142",2023-03-15
6,"Federal Way - Central",NA,NA,"530330303143",2023-03-15
7,"Federal Way - North Corridor",NA,"53033030005",NA,2023-03-15
7,"Federal Way - North Corridor",NA,"53033030006",NA,2023-03-15
7,"Federal Way - North Corridor",NA,"53033030007",NA,2023-03-15
7,"Federal Way - North Corridor",NA,"53033030008",NA,2023-03-15
7,"Federal Way - North Corridor",NA,NA,"530330301021",2023-03-15
7,"Federal Way - North Corridor",NA,NA,"530330302031",2023-03-15
7,"Federal Way - North Corridor",NA,NA,"530330302042",2023-03-15
7,"Federal Way - North Corridor",NA,NA,"530330302043",2023-03-15
7,"Federal Way - North Corridor",NA,NA,"530330303131",2023-03-15
7,"Federal Way - North Corridor",NA,NA,"530330303132",2023-03-15
7,"Federal Way - North Corridor",NA,NA,"530330303141",2023-03-15
8,"East Highlands, Hobart, and Greater Maple Valley","5357395",NA,NA,2023-03-15
8,"East Highlands, Hobart, and Greater Maple Valley","5363545",NA,NA,2023-03-15
8,"East Highlands, Hobart, and Greater Maple Valley",NA,"53033031800",NA,2023-03-15
8,"East Highlands, Hobart, and Greater Maple Valley",NA,"53033032003",NA,2023-03-15
8,"East Highlands, Hobart, and Greater Maple Valley",NA,NA,"530330256024",2023-03-15
8,"East Highlands, Hobart, and Greater Maple Valley",NA,NA,"530330315011",2023-03-15
8,"East Highlands, Hobart, and Greater Maple Valley",NA,NA,"530330315012",2023-03-15
8,"East Highlands, Hobart, and Greater Maple Valley",NA,NA,"530330315021",2023-03-15
8,"East Highlands, Hobart, and Greater Maple Valley",NA,NA,"530330316031",2023-03-15
8,"East Highlands, Hobart, and Greater Maple Valley",NA,NA,"530330316032",2023-03-15
8,"East Highlands, Hobart, and Greater Maple Valley",NA,NA,"530330316034",2023-03-15
8,"East Highlands, Hobart, and Greater Maple Valley",NA,NA,"530330317051",2023-03-15
8,"East Highlands, Hobart, and Greater Maple Valley",NA,NA,"530330317052",2023-03-15
8,"East Highlands, Hobart, and Greater Maple Valley",NA,NA,"530330319061",2023-03-15
8,"East Highlands, Hobart, and Greater Maple Valley",NA,NA,"530330319062",2023-03-15
8,"East Highlands, Hobart, and Greater Maple Valley",NA,NA,"530330319123",2023-03-15
8,"East Highlands, Hobart, and Greater Maple Valley",NA,NA,"530330319132",2023-03-15
8,"East Highlands, Hobart, and Greater Maple Valley",NA,NA,"530330319133",2023-03-15
8,"East Highlands, Hobart, and Greater Maple Valley",NA,NA,"530330320021",2023-03-15
8,"East Highlands, Hobart, and Greater Maple Valley",NA,NA,"530330320022",2023-03-15
8,"East Highlands, Hobart, and Greater Maple Valley",NA,NA,"530330320051",2023-03-15
8,"East Highlands, Hobart, and Greater Maple Valley",NA,NA,"530330320073",2023-03-15
8,"East Highlands, Hobart, and Greater Maple Valley",NA,NA,"530330320104",2023-03-15
9,"Kent - South",NA,"53033029507",NA,2023-03-15
9,"Kent - South",NA,NA,"530330295062",2023-03-15
9,"Kent - South",NA,NA,"530330295081",2023-03-15
9,"Kent - South",NA,NA,"530330296032",2023-03-15
9,"Kent - South",NA,NA,"530330296033",2023-03-15
9,"Kent - South",NA,NA,"530330296041",2023-03-15
9,"Kent - South",NA,NA,"530330296042",2023-03-15
9,"Kent - South",NA,NA,"530330296043",2023-03-15
9,"Kent - South",NA,NA,"530330297011",2023-03-15
9,"Kent - South",NA,NA,"530330297012",2023-03-15
9,"Kent - South",NA,NA,"530330297013",2023-03-15
9,"Kent - South",NA,NA,"530330297021",2023-03-15
9,"Kent - South",NA,NA,"530330297022",2023-03-15
9,"Kent - South",NA,NA,"530330317042",2023-03-15
9,"Kent - South",NA,NA,"530330317043",2023-03-15
9,"Kent - South",NA,NA,"530330317044",2023-03-15
9,"Kent - South",NA,NA,"530330317083",2023-03-15
10,"Maple Valley","5343150",NA,NA,2023-03-15
11,"Covington","5315290",NA,NA,2023-03-15
12,"Kent - Central",NA,"53033029504",NA,2023-03-15
12,"Kent - Central",NA,"53033029505",NA,2023-03-15
12,"Kent - Central",NA,NA,"530330292031",2023-03-15
12,"Kent - Central",NA,NA,"530330292032",2023-03-15
12,"Kent - Central",NA,NA,"530330292033",2023-03-15
12,"Kent - Central",NA,NA,"530330292082",2023-03-15
12,"Kent - Central",NA,NA,"530330294073",2023-03-15
12,"Kent - Central",NA,NA,"530330294082",2023-03-15
12,"Kent - Central",NA,NA,"530330294083",2023-03-15
12,"Kent - Central",NA,NA,"530330295061",2023-03-15
12,"Kent - Central",NA,NA,"530330295063",2023-03-15
12,"Kent - Central",NA,NA,"530330295082",2023-03-15
12,"Kent - Central",NA,NA,"530330295083",2023-03-15
12,"Kent - Central",NA,NA,"530330296031",2023-03-15
13,"Kent - West",NA,"53033029004",NA,2023-03-15
13,"Kent - West",NA,"53033029102",NA,2023-03-15
13,"Kent - West",NA,"53033029205",NA,2023-03-15
13,"Kent - West",NA,"53033029206",NA,2023-03-15
13,"Kent - West",NA,NA,"530330291011",2023-03-15
13,"Kent - West",NA,NA,"530330291012",2023-03-15
13,"Kent - West",NA,NA,"530330298032",2023-03-15
13,"Kent - West",NA,NA,"530330298033",2023-03-15
13,"Kent - West",NA,NA,"530330298041",2023-03-15
13,"Kent - West",NA,NA,"530330298043",2023-03-15
13,"Kent - West",NA,NA,"530330300033",2023-03-15
14,"Kent - East",NA,"53033029207",NA,2023-03-15
14,"Kent - East",NA,"53033029306",NA,2023-03-15
14,"Kent - East",NA,"53033029403",NA,2023-03-15
14,"Kent - East",NA,"53033029405",NA,2023-03-15
14,"Kent - East",NA,"53033029406",NA,2023-03-15
14,"Kent - East",NA,NA,"530330292081",2023-03-15
14,"Kent - East",NA,NA,"530330293051",2023-03-15
14,"Kent - East",NA,NA,"530330293052",2023-03-15
14,"Kent - East",NA,NA,"530330293072",2023-03-15
14,"Kent - East",NA,NA,"530330294071",2023-03-15
14,"Kent - East",NA,NA,"530330294072",2023-03-15
14,"Kent - East",NA,NA,"530330294081",2023-03-15
14,"Kent - East",NA,NA,"530330317072",2023-03-15
14,"Kent - East",NA,NA,"530330317073",2023-03-15
14,"Kent - East",NA,NA,"530330317081",2023-03-15
14,"Kent - East",NA,NA,"530330317082",2023-03-15
15,"Des Moines and Normandy Park","5317635",NA,NA,2023-03-15
15,"Des Moines and Normandy Park","5349415",NA,NA,2023-03-15
16,"Vashon","5374305",NA,NA,2023-03-15
17,"Fairwood",NA,"53033031908",NA,2023-03-15
17,"Fairwood",NA,"53033031909",NA,2023-03-15
17,"Fairwood",NA,NA,"530330257022",2023-03-15
17,"Fairwood",NA,NA,"530330258043",2023-03-15
17,"Fairwood",NA,NA,"530330293042",2023-03-15
17,"Fairwood",NA,NA,"530330293043",2023-03-15
17,"Fairwood",NA,NA,"530330293044",2023-03-15
17,"Fairwood",NA,NA,"530330293071",2023-03-15
17,"Fairwood",NA,NA,"530330293073",2023-03-15
17,"Fairwood",NA,NA,"530330319101",2023-03-15
17,"Fairwood",NA,NA,"530330319102",2023-03-15
17,"Fairwood",NA,NA,"530330319111",2023-03-15
17,"Fairwood",NA,NA,"530330319112",2023-03-15
17,"Fairwood",NA,NA,"530330319113",2023-03-15
18,"Seatac","5362288",NA,NA,2023-03-15
19,"Renton - South",NA,"53033025703",NA,2023-03-15
19,"Renton - South",NA,"53033025803",NA,2023-03-15
19,"Renton - South",NA,"53033025805",NA,2023-03-15
19,"Renton - South",NA,"53033025806",NA,2023-03-15
19,"Renton - South",NA,"53033026003",NA,2023-03-15
19,"Renton - South",NA,"53033029308",NA,2023-03-15
19,"Renton - South",NA,"53033029309",NA,2023-03-15
19,"Renton - South",NA,NA,"530330257023",2023-03-15
19,"Renton - South",NA,NA,"530330258041",2023-03-15
19,"Renton - South",NA,NA,"530330258042",2023-03-15
19,"Renton - South",NA,NA,"530330260041",2023-03-15
19,"Renton - South",NA,NA,"530330260042",2023-03-15
19,"Renton - South",NA,NA,"530330262001",2023-03-15
19,"Renton - South",NA,NA,"530330293041",2023-03-15
19,"Renton - South",NA,NA,"530330293053",2023-03-15
20,"Burien","5308850",NA,NA,2023-03-15
21,"Tukwila","5372625",NA,NA,2023-03-15
22,"Newcastle and Four Creeks","5348645",NA,NA,2023-03-15
22,"Newcastle and Four Creeks",NA,"53033032102",NA,2023-03-15
22,"Newcastle and Four Creeks",NA,NA,"530330247043",2023-03-15
22,"Newcastle and Four Creeks",NA,NA,"530330250052",2023-03-15
22,"Newcastle and Four Creeks",NA,NA,"530330250061",2023-03-15
22,"Newcastle and Four Creeks",NA,NA,"530330250063",2023-03-15
22,"Newcastle and Four Creeks",NA,NA,"530330251041",2023-03-15
22,"Newcastle and Four Creeks",NA,NA,"530330251043",2023-03-15
22,"Newcastle and Four Creeks",NA,NA,"530330319041",2023-03-15
22,"Newcastle and Four Creeks",NA,NA,"530330319042",2023-03-15
22,"Newcastle and Four Creeks",NA,NA,"530330319121",2023-03-15
22,"Newcastle and Four Creeks",NA,NA,"530330321041",2023-03-15
23,"Renton - North",NA,"53033025101",NA,2023-03-15
23,"Renton - North",NA,"53033025103",NA,2023-03-15
23,"Renton - North",NA,"53033025201",NA,2023-03-15
23,"Renton - North",NA,"53033025302",NA,2023-03-15
23,"Renton - North",NA,"53033025303",NA,2023-03-15
23,"Renton - North",NA,"53033025304",NA,2023-03-15
23,"Renton - North",NA,"53033025401",NA,2023-03-15
23,"Renton - North",NA,"53033025402",NA,2023-03-15
23,"Renton - North",NA,"53033025500",NA,2023-03-15
23,"Renton - North",NA,"53033025601",NA,2023-03-15
23,"Renton - North",NA,NA,"530330247031",2023-03-15
23,"Renton - North",NA,NA,"530330251042",2023-03-15
23,"Renton - North",NA,NA,"530330252021",2023-03-15
23,"Renton - North",NA,NA,"530330252022",2023-03-15
23,"Renton - North",NA,NA,"530330252023",2023-03-15
23,"Renton - North",NA,NA,"530330256021",2023-03-15
23,"Renton - North",NA,NA,"530330256022",2023-03-15
23,"Renton - North",NA,NA,"530330256023",2023-03-15
23,"Renton - North",NA,NA,"530330257021",2023-03-15
23,"Renton - North",NA,NA,"530330257041",2023-03-15
23,"Renton - North",NA,NA,"530330257042",2023-03-15
23,"Renton - North",NA,NA,"530330319103",2023-03-15
23,"Renton - North",NA,NA,"530330319131",2023-03-15
24,"Skyway","5308552",NA,NA,2023-03-15
25,"Snoqualmie and North Bend","5349485",NA,NA,2023-03-15
25,"Snoqualmie and North Bend","5365205",NA,NA,2023-03-15
26,"North Highline and White Center","5307397",NA,NA,2023-03-15
26,"North Highline and White Center","5378225",NA,NA,2023-03-15
27,"Seattle - Delridge",NA,"53033010701",NA,2023-03-15
27,"Seattle - Delridge",NA,"53033010702",NA,2023-03-15
27,"Seattle - Delridge",NA,"53033010800",NA,2023-03-15
27,"Seattle - Delridge",NA,"53033011300",NA,2023-03-15
27,"Seattle - Delridge",NA,"53033011401",NA,2023-03-15
27,"Seattle - Delridge",NA,"53033011402",NA,2023-03-15
27,"Seattle - Delridge",NA,"53033011500",NA,2023-03-15
28,"Issaquah","5333805",NA,NA,2023-03-15
29,"Seattle - Rainier Valley and Rainier Beach",NA,"53033009500",NA,2023-03-15
29,"Seattle - Rainier Valley and Rainier Beach",NA,"53033010101",NA,2023-03-15
29,"Seattle - Rainier Valley and Rainier Beach",NA,"53033010102",NA,2023-03-15
29,"Seattle - Rainier Valley and Rainier Beach",NA,"53033010200",NA,2023-03-15
29,"Seattle - Rainier Valley and Rainier Beach",NA,"53033010301",NA,2023-03-15
29,"Seattle - Rainier Valley and Rainier Beach",NA,"53033010302",NA,2023-03-15
29,"Seattle - Rainier Valley and Rainier Beach",NA,"53033011101",NA,2023-03-15
29,"Seattle - Rainier Valley and Rainier Beach",NA,"53033011102",NA,2023-03-15
29,"Seattle - Rainier Valley and Rainier Beach",NA,"53033011801",NA,2023-03-15
29,"Seattle - Rainier Valley and Rainier Beach",NA,"53033011802",NA,2023-03-15
29,"Seattle - Rainier Valley and Rainier Beach",NA,"53033011901",NA,2023-03-15
29,"Seattle - Rainier Valley and Rainier Beach",NA,"53033011902",NA,2023-03-15
30,"Seattle - South Beacon Hill, Georgetown, and South Park",NA,"53033009300",NA,2023-03-15
30,"Seattle - South Beacon Hill, Georgetown, and South Park",NA,"53033010401",NA,2023-03-15
30,"Seattle - South Beacon Hill, Georgetown, and South Park",NA,"53033010402",NA,2023-03-15
30,"Seattle - South Beacon Hill, Georgetown, and South Park",NA,"53033010900",NA,2023-03-15
30,"Seattle - South Beacon Hill, Georgetown, and South Park",NA,"53033011001",NA,2023-03-15
30,"Seattle - South Beacon Hill, Georgetown, and South Park",NA,"53033011002",NA,2023-03-15
30,"Seattle - South Beacon Hill, Georgetown, and South Park",NA,"53033011200",NA,2023-03-15
30,"Seattle - South Beacon Hill, Georgetown, and South Park",NA,"53033011700",NA,2023-03-15
31,"Bellevue - South",NA,"53033024701",NA,2023-03-15
31,"Bellevue - South",NA,"53033024901",NA,2023-03-15
31,"Bellevue - South",NA,"53033024902",NA,2023-03-15
31,"Bellevue - South",NA,"53033024904",NA,2023-03-15
31,"Bellevue - South",NA,"53033024905",NA,2023-03-15
31,"Bellevue - South",NA,"53033025008",NA,2023-03-15
31,"Bellevue - South",NA,NA,"530330247041",2023-03-15
31,"Bellevue - South",NA,NA,"530330247042",2023-03-15
31,"Bellevue - South",NA,NA,"530330250013",2023-03-15
31,"Bellevue - South",NA,NA,"530330250014",2023-03-15
31,"Bellevue - South",NA,NA,"530330250072",2023-03-15
32,"Seattle - West Seattle",NA,"53033009600",NA,2023-03-15
32,"Seattle - West Seattle",NA,"53033009701",NA,2023-03-15
32,"Seattle - West Seattle",NA,"53033009702",NA,2023-03-15
32,"Seattle - West Seattle",NA,"53033009801",NA,2023-03-15
32,"Seattle - West Seattle",NA,"53033009802",NA,2023-03-15
32,"Seattle - West Seattle",NA,"53033009900",NA,2023-03-15
32,"Seattle - West Seattle",NA,"53033010501",NA,2023-03-15
32,"Seattle - West Seattle",NA,"53033010502",NA,2023-03-15
32,"Seattle - West Seattle",NA,"53033010601",NA,2023-03-15
32,"Seattle - West Seattle",NA,"53033010602",NA,2023-03-15
32,"Seattle - West Seattle",NA,"53033011601",NA,2023-03-15
32,"Seattle - West Seattle",NA,"53033011602",NA,2023-03-15
32,"Seattle - West Seattle",NA,"53033012000",NA,2023-03-15
32,"Seattle - West Seattle",NA,"53033012100",NA,2023-03-15
33,"Mercer Island and Point Cities","5304895",NA,NA,2023-03-15
33,"Mercer Island and Point Cities","5313365",NA,NA,2023-03-15
33,"Mercer Island and Point Cities","5332755",NA,NA,2023-03-15
33,"Mercer Island and Point Cities","5344725",NA,NA,2023-03-15
33,"Mercer Island and Point Cities","5345005",NA,NA,2023-03-15
33,"Mercer Island and Point Cities","5380150",NA,NA,2023-03-15
34,"Seattle - Central District, Chinatown-International District, Judkins, and North Beacon Hill",NA,"53033007700",NA,2023-03-15
34,"Seattle - Central District, Chinatown-International District, Judkins, and North Beacon Hill",NA,"53033007901",NA,2023-03-15
34,"Seattle - Central District, Chinatown-International District, Judkins, and North Beacon Hill",NA,"53033007902",NA,2023-03-15
34,"Seattle - Central District, Chinatown-International District, Judkins, and North Beacon Hill",NA,"53033008700",NA,2023-03-15
34,"Seattle - Central District, Chinatown-International District, Judkins, and North Beacon Hill",NA,"53033008800",NA,2023-03-15
34,"Seattle - Central District, Chinatown-International District, Judkins, and North Beacon Hill",NA,"53033009000",NA,2023-03-15
34,"Seattle - Central District, Chinatown-International District, Judkins, and North Beacon Hill",NA,"53033009100",NA,2023-03-15
34,"Seattle - Central District, Chinatown-International District, Judkins, and North Beacon Hill",NA,"53033009200",NA,2023-03-15
34,"Seattle - Central District, Chinatown-International District, Judkins, and North Beacon Hill",NA,"53033009400",NA,2023-03-15
34,"Seattle - Central District, Chinatown-International District, Judkins, and North Beacon Hill",NA,"53033010001",NA,2023-03-15
34,"Seattle - Central District, Chinatown-International District, Judkins, and North Beacon Hill",NA,"53033010002",NA,2023-03-15
35,"Bellevue - West",NA,"53033023500",NA,2023-03-15
35,"Bellevue - West",NA,"53033023801",NA,2023-03-15
35,"Bellevue - West",NA,"53033023805",NA,2023-03-15
35,"Bellevue - West",NA,"53033023806",NA,2023-03-15
35,"Bellevue - West",NA,"53033023807",NA,2023-03-15
35,"Bellevue - West",NA,"53033023808",NA,2023-03-15
35,"Bellevue - West",NA,"53033023901",NA,2023-03-15
35,"Bellevue - West",NA,"53033023902",NA,2023-03-15
35,"Bellevue - West",NA,"53033024001",NA,2023-03-15
35,"Bellevue - West",NA,"53033024002",NA,2023-03-15
36,"Bellevue - Central",NA,"53033023201",NA,2023-03-15
36,"Bellevue - Central",NA,"53033023202",NA,2023-03-15
36,"Bellevue - Central",NA,"53033023401",NA,2023-03-15
36,"Bellevue - Central",NA,"53033023601",NA,2023-03-15
36,"Bellevue - Central",NA,"53033023603",NA,2023-03-15
36,"Bellevue - Central",NA,"53033023604",NA,2023-03-15
36,"Bellevue - Central",NA,"53033024800",NA,2023-03-15
37,"Sammamish","5361115",NA,NA,2023-03-15
38,"Duvall, Carnation, Skykomish, and Northeast King County","5304300",NA,NA,2023-03-15
38,"Duvall, Carnation, Skykomish, and Northeast King County","5310215",NA,NA,2023-03-15
38,"Duvall, Carnation, Skykomish, and Northeast King County","5319035",NA,NA,2023-03-15
38,"Duvall, Carnation, Skykomish, and Northeast King County","5323200",NA,NA,2023-03-15
38,"Duvall, Carnation, Skykomish, and Northeast King County","5337538",NA,NA,2023-03-15
38,"Duvall, Carnation, Skykomish, and Northeast King County","5358742",NA,NA,2023-03-15
38,"Duvall, Carnation, Skykomish, and Northeast King County","5358768",NA,NA,2023-03-15
38,"Duvall, Carnation, Skykomish, and Northeast King County","5364855",NA,NA,2023-03-15
38,"Duvall, Carnation, Skykomish, and Northeast King County","5378780",NA,NA,2023-03-15
38,"Duvall, Carnation, Skykomish, and Northeast King County",NA,"53033032221",NA,2023-03-15
38,"Duvall, Carnation, Skykomish, and Northeast King County",NA,"53033032401",NA,2023-03-15
38,"Duvall, Carnation, Skykomish, and Northeast King County",NA,"53033032402",NA,2023-03-15
38,"Duvall, Carnation, Skykomish, and Northeast King County",NA,"53033032500",NA,2023-03-15
38,"Duvall, Carnation, Skykomish, and Northeast King County",NA,"53033032601",NA,2023-03-15
38,"Duvall, Carnation, Skykomish, and Northeast King County",NA,"53033032706",NA,2023-03-15
38,"Duvall, Carnation, Skykomish, and Northeast King County",NA,"53033032800",NA,2023-03-15
38,"Duvall, Carnation, Skykomish, and Northeast King County",NA,NA,"530330322203",2023-03-15
38,"Duvall, Carnation, Skykomish, and Northeast King County",NA,NA,"530330323152",2023-03-15
38,"Duvall, Carnation, Skykomish, and Northeast King County",NA,NA,"530330326031",2023-03-15
38,"Duvall, Carnation, Skykomish, and Northeast King County",NA,NA,"530330326032",2023-03-15
38,"Duvall, Carnation, Skykomish, and Northeast King County",NA,NA,"530330326041",2023-03-15
38,"Duvall, Carnation, Skykomish, and Northeast King County",NA,NA,"530330326043",2023-03-15
38,"Duvall, Carnation, Skykomish, and Northeast King County",NA,NA,"530330326053",2023-03-15
38,"Duvall, Carnation, Skykomish, and Northeast King County",NA,NA,"530330327031",2023-03-15
38,"Duvall, Carnation, Skykomish, and Northeast King County",NA,NA,"530330327051",2023-03-15
38,"Duvall, Carnation, Skykomish, and Northeast King County",NA,NA,"530330327053",2023-03-15
39,"Seattle - Downtown, Belltown, and First Hill",NA,"53033008002",NA,2023-03-15
39,"Seattle - Downtown, Belltown, and First Hill",NA,"53033008003",NA,2023-03-15
39,"Seattle - Downtown, Belltown, and First Hill",NA,"53033008004",NA,2023-03-15
39,"Seattle - Downtown, Belltown, and First Hill",NA,"53033008101",NA,2023-03-15
39,"Seattle - Downtown, Belltown, and First Hill",NA,"53033008102",NA,2023-03-15
39,"Seattle - Downtown, Belltown, and First Hill",NA,"53033008200",NA,2023-03-15
39,"Seattle - Downtown, Belltown, and First Hill",NA,"53033008300",NA,2023-03-15
39,"Seattle - Downtown, Belltown, and First Hill",NA,"53033008500",NA,2023-03-15
39,"Seattle - Downtown, Belltown, and First Hill",NA,"53033008600",NA,2023-03-15
40,"Bellevue - Northeast",NA,"53033022804",NA,2023-03-15
40,"Bellevue - Northeast",NA,"53033022805",NA,2023-03-15
40,"Bellevue - Northeast",NA,"53033022901",NA,2023-03-15
40,"Bellevue - Northeast",NA,"53033023000",NA,2023-03-15
40,"Bellevue - Northeast",NA,"53033023100",NA,2023-03-15
40,"Bellevue - Northeast",NA,"53033023300",NA,2023-03-15
40,"Bellevue - Northeast",NA,"53033023403",NA,2023-03-15
40,"Bellevue - Northeast",NA,"53033023701",NA,2023-03-15
40,"Bellevue - Northeast",NA,"53033023702",NA,2023-03-15
40,"Bellevue - Northeast",NA,NA,"530330227031",2023-03-15
41,"Montlake, Madison Park, and Madrona",NA,"53033006100",NA,2023-03-15
41,"Montlake, Madison Park, and Madrona",NA,"53033006200",NA,2023-03-15
41,"Montlake, Madison Park, and Madrona",NA,"53033006300",NA,2023-03-15
41,"Montlake, Madison Park, and Madrona",NA,"53033007800",NA,2023-03-15
41,"Montlake, Madison Park, and Madrona",NA,"53033008900",NA,2023-03-15
42,"Seattle - Capitol Hill",NA,"53033006400",NA,2023-03-15
42,"Seattle - Capitol Hill",NA,"53033006500",NA,2023-03-15
42,"Seattle - Capitol Hill",NA,"53033007403",NA,2023-03-15
42,"Seattle - Capitol Hill",NA,"53033007404",NA,2023-03-15
42,"Seattle - Capitol Hill",NA,"53033007405",NA,2023-03-15
42,"Seattle - Capitol Hill",NA,"53033007406",NA,2023-03-15
42,"Seattle - Capitol Hill",NA,"53033007501",NA,2023-03-15
42,"Seattle - Capitol Hill",NA,"53033007502",NA,2023-03-15
42,"Seattle - Capitol Hill",NA,"53033007503",NA,2023-03-15
42,"Seattle - Capitol Hill",NA,"53033007600",NA,2023-03-15
42,"Seattle - Capitol Hill",NA,"53033008401",NA,2023-03-15
42,"Seattle - Capitol Hill",NA,"53033008402",NA,2023-03-15
43,"Seattle - South Lake Union, Cascade, and Eastlake",NA,"53033006600",NA,2023-03-15
43,"Seattle - South Lake Union, Cascade, and Eastlake",NA,"53033007201",NA,2023-03-15
43,"Seattle - South Lake Union, Cascade, and Eastlake",NA,"53033007202",NA,2023-03-15
43,"Seattle - South Lake Union, Cascade, and Eastlake",NA,"53033007203",NA,2023-03-15
43,"Seattle - South Lake Union, Cascade, and Eastlake",NA,"53033007301",NA,2023-03-15
43,"Seattle - South Lake Union, Cascade, and Eastlake",NA,"53033007302",NA,2023-03-15
43,"Seattle - South Lake Union, Cascade, and Eastlake",NA,"53033007303",NA,2023-03-15
44,"Seattle - Queen Anne",NA,"53033005901",NA,2023-03-15
44,"Seattle - Queen Anne",NA,"53033005902",NA,2023-03-15
44,"Seattle - Queen Anne",NA,"53033006000",NA,2023-03-15
44,"Seattle - Queen Anne",NA,"53033006701",NA,2023-03-15
44,"Seattle - Queen Anne",NA,"53033006702",NA,2023-03-15
44,"Seattle - Queen Anne",NA,"53033006703",NA,2023-03-15
44,"Seattle - Queen Anne",NA,"53033006800",NA,2023-03-15
44,"Seattle - Queen Anne",NA,"53033006900",NA,2023-03-15
44,"Seattle - Queen Anne",NA,"53033007001",NA,2023-03-15
44,"Seattle - Queen Anne",NA,"53033007002",NA,2023-03-15
44,"Seattle - Queen Anne",NA,"53033007101",NA,2023-03-15
44,"Seattle - Queen Anne",NA,"53033007102",NA,2023-03-15
45,"Magnolia and Interbay",NA,"53033005600",NA,2023-03-15
45,"Magnolia and Interbay",NA,"53033005700",NA,2023-03-15
45,"Magnolia and Interbay",NA,"53033005801",NA,2023-03-15
45,"Magnolia and Interbay",NA,"53033005803",NA,2023-03-15
45,"Magnolia and Interbay",NA,"53033005804",NA,2023-03-15
46,"Fremont and Wallingford",NA,"53033004500",NA,2023-03-15
46,"Fremont and Wallingford",NA,"53033004800",NA,2023-03-15
46,"Fremont and Wallingford",NA,"53033004901",NA,2023-03-15
46,"Fremont and Wallingford",NA,"53033004902",NA,2023-03-15
46,"Fremont and Wallingford",NA,"53033005000",NA,2023-03-15
46,"Fremont and Wallingford",NA,"53033005100",NA,2023-03-15
46,"Fremont and Wallingford",NA,"53033005201",NA,2023-03-15
46,"Fremont and Wallingford",NA,"53033005202",NA,2023-03-15
46,"Fremont and Wallingford",NA,"53033005401",NA,2023-03-15
46,"Fremont and Wallingford",NA,"53033005402",NA,2023-03-15
47,"Seattle - University District",NA,"53033004401",NA,2023-03-15
47,"Seattle - University District",NA,"53033004402",NA,2023-03-15
47,"Seattle - University District",NA,"53033005303",NA,2023-03-15
47,"Seattle - University District",NA,"53033005304",NA,2023-03-15
47,"Seattle - University District",NA,"53033005305",NA,2023-03-15
47,"Seattle - University District",NA,"53033005306",NA,2023-03-15
47,"Seattle - University District",NA,"53033005307",NA,2023-03-15
48,"Redmond - South",NA,"53033022605",NA,2023-03-15
48,"Redmond - South",NA,"53033022606",NA,2023-03-15
48,"Redmond - South",NA,"53033022802",NA,2023-03-15
48,"Redmond - South",NA,"53033022803",NA,2023-03-15
48,"Redmond - South",NA,"53033022902",NA,2023-03-15
48,"Redmond - South",NA,NA,"530330323131",2023-03-15
48,"Redmond - South",NA,NA,"530330323133",2023-03-15
48,"Redmond - South",NA,NA,"530330323134",2023-03-15
49,"Seattle - Laurelhurst, Sand Point, and Wedgwood",NA,"53033002100",NA,2023-03-15
49,"Seattle - Laurelhurst, Sand Point, and Wedgwood",NA,"53033002200",NA,2023-03-15
49,"Seattle - Laurelhurst, Sand Point, and Wedgwood",NA,"53033002400",NA,2023-03-15
49,"Seattle - Laurelhurst, Sand Point, and Wedgwood",NA,"53033003900",NA,2023-03-15
49,"Seattle - Laurelhurst, Sand Point, and Wedgwood",NA,"53033004000",NA,2023-03-15
49,"Seattle - Laurelhurst, Sand Point, and Wedgwood",NA,"53033004101",NA,2023-03-15
49,"Seattle - Laurelhurst, Sand Point, and Wedgwood",NA,"53033004102",NA,2023-03-15
50,"Seattle - Ravenna and Bryant",NA,"53033002500",NA,2023-03-15
50,"Seattle - Ravenna and Bryant",NA,"53033002600",NA,2023-03-15
50,"Seattle - Ravenna and Bryant",NA,"53033003800",NA,2023-03-15
50,"Seattle - Ravenna and Bryant",NA,"53033004201",NA,2023-03-15
50,"Seattle - Ravenna and Bryant",NA,"53033004202",NA,2023-03-15
50,"Seattle - Ravenna and Bryant",NA,"53033004301",NA,2023-03-15
50,"Seattle - Ravenna and Bryant",NA,"53033004302",NA,2023-03-15
51,"Kirkland - South",NA,"53033022005",NA,2023-03-15
51,"Kirkland - South",NA,"53033022006",NA,2023-03-15
51,"Kirkland - South",NA,"53033022205",NA,2023-03-15
51,"Kirkland - South",NA,"53033022401",NA,2023-03-15
51,"Kirkland - South",NA,"53033022402",NA,2023-03-15
51,"Kirkland - South",NA,"53033022501",NA,2023-03-15
51,"Kirkland - South",NA,"53033022502",NA,2023-03-15
51,"Kirkland - South",NA,"53033022603",NA,2023-03-15
51,"Kirkland - South",NA,"53033022604",NA,2023-03-15
51,"Kirkland - South",NA,"53033022701",NA,2023-03-15
51,"Kirkland - South",NA,"53033022702",NA,2023-03-15
51,"Kirkland - South",NA,NA,"530330227032",2023-03-15
52,"Green Lake and Phinney Ridge",NA,"53033001701",NA,2023-03-15
52,"Green Lake and Phinney Ridge",NA,"53033001702",NA,2023-03-15
52,"Green Lake and Phinney Ridge",NA,"53033002700",NA,2023-03-15
52,"Green Lake and Phinney Ridge",NA,"53033002800",NA,2023-03-15
52,"Green Lake and Phinney Ridge",NA,"53033002900",NA,2023-03-15
52,"Green Lake and Phinney Ridge",NA,"53033003400",NA,2023-03-15
52,"Green Lake and Phinney Ridge",NA,"53033003500",NA,2023-03-15
52,"Green Lake and Phinney Ridge",NA,"53033003601",NA,2023-03-15
52,"Green Lake and Phinney Ridge",NA,"53033003602",NA,2023-03-15
52,"Green Lake and Phinney Ridge",NA,"53033004600",NA,2023-03-15
53,"Redmond - North",NA,"53033032323",NA,2023-03-15
53,"Redmond - North",NA,"53033032324",NA,2023-03-15
53,"Redmond - North",NA,"53033032325",NA,2023-03-15
53,"Redmond - North",NA,"53033032330",NA,2023-03-15
53,"Redmond - North",NA,"53033032331",NA,2023-03-15
53,"Redmond - North",NA,NA,"530330323213",2023-03-15
54,"Bear Creek and Greater Sammamish","5301920",NA,NA,2023-03-15
54,"Bear Creek and Greater Sammamish","5314940",NA,NA,2023-03-15
54,"Bear Creek and Greater Sammamish","5373307",NA,NA,2023-03-15
54,"Bear Creek and Greater Sammamish",NA,NA,"530330322151",2023-03-15
54,"Bear Creek and Greater Sammamish",NA,NA,"530330322152",2023-03-15
54,"Bear Creek and Greater Sammamish",NA,NA,"530330323181",2023-03-15
54,"Bear Creek and Greater Sammamish",NA,NA,"530330323212",2023-03-15
54,"Bear Creek and Greater Sammamish",NA,NA,"530330323214",2023-03-15
55,"Seattle - Ballard",NA,"53033001400",NA,2023-03-15
55,"Seattle - Ballard",NA,"53033001500",NA,2023-03-15
55,"Seattle - Ballard",NA,"53033001600",NA,2023-03-15
55,"Seattle - Ballard",NA,"53033003000",NA,2023-03-15
55,"Seattle - Ballard",NA,"53033003100",NA,2023-03-15
55,"Seattle - Ballard",NA,"53033003201",NA,2023-03-15
55,"Seattle - Ballard",NA,"53033003202",NA,2023-03-15
55,"Seattle - Ballard",NA,"53033003301",NA,2023-03-15
55,"Seattle - Ballard",NA,"53033003302",NA,2023-03-15
55,"Seattle - Ballard",NA,"53033004701",NA,2023-03-15
55,"Seattle - Ballard",NA,"53033004702",NA,2023-03-15
55,"Seattle - Ballard",NA,"53033004703",NA,2023-03-15
56,"Seattle - Northgate and Lake City",NA,"53033000101",NA,2023-03-15
56,"Seattle - Northgate and Lake City",NA,"53033000102",NA,2023-03-15
56,"Seattle - Northgate and Lake City",NA,"53033000201",NA,2023-03-15
56,"Seattle - Northgate and Lake City",NA,"53033000202",NA,2023-03-15
56,"Seattle - Northgate and Lake City",NA,"53033000700",NA,2023-03-15
56,"Seattle - Northgate and Lake City",NA,"53033000800",NA,2023-03-15
56,"Seattle - Northgate and Lake City",NA,"53033000900",NA,2023-03-15
56,"Seattle - Northgate and Lake City",NA,"53033001000",NA,2023-03-15
56,"Seattle - Northgate and Lake City",NA,"53033001100",NA,2023-03-15
56,"Seattle - Northgate and Lake City",NA,"53033001201",NA,2023-03-15
56,"Seattle - Northgate and Lake City",NA,"53033001202",NA,2023-03-15
56,"Seattle - Northgate and Lake City",NA,"53033001900",NA,2023-03-15
56,"Seattle - Northgate and Lake City",NA,"53033002000",NA,2023-03-15
57,"Kirkland - North",NA,"53033021903",NA,2023-03-15
57,"Kirkland - North",NA,"53033022003",NA,2023-03-15
57,"Kirkland - North",NA,"53033022201",NA,2023-03-15
57,"Kirkland - North",NA,"53033022203",NA,2023-03-15
57,"Kirkland - North",NA,"53033022204",NA,2023-03-15
57,"Kirkland - North",NA,NA,"530330219041",2023-03-15
57,"Kirkland - North",NA,NA,"530330219042",2023-03-15
57,"Kirkland - North",NA,NA,"530330219043",2023-03-15
57,"Kirkland - North",NA,NA,"530330219044",2023-03-15
57,"Kirkland - North",NA,NA,"530330219052",2023-03-15
57,"Kirkland - North",NA,NA,"530330219054",2023-03-15
57,"Kirkland - North",NA,NA,"530330223001",2023-03-15
57,"Kirkland - North",NA,NA,"530330223002",2023-03-15
58,"Seattle - Broadview, Haller Lake, and Licton Springs",NA,"53033000300",NA,2023-03-15
58,"Seattle - Broadview, Haller Lake, and Licton Springs",NA,"53033000402",NA,2023-03-15
58,"Seattle - Broadview, Haller Lake, and Licton Springs",NA,"53033000403",NA,2023-03-15
58,"Seattle - Broadview, Haller Lake, and Licton Springs",NA,"53033000404",NA,2023-03-15
58,"Seattle - Broadview, Haller Lake, and Licton Springs",NA,"53033000500",NA,2023-03-15
58,"Seattle - Broadview, Haller Lake, and Licton Springs",NA,"53033000601",NA,2023-03-15
58,"Seattle - Broadview, Haller Lake, and Licton Springs",NA,"53033000602",NA,2023-03-15
58,"Seattle - Broadview, Haller Lake, and Licton Springs",NA,"53033001300",NA,2023-03-15
58,"Seattle - Broadview, Haller Lake, and Licton Springs",NA,"53033001800",NA,2023-03-15
59,"Kenmore and Lake Forest Park","5335170",NA,NA,2023-03-15
59,"Kenmore and Lake Forest Park","5337270",NA,NA,2023-03-15
60,"Bothell and Woodinville","5379590",NA,NA,2023-03-15
60,"Bothell and Woodinville",NA,"53033021802",NA,2023-03-15
60,"Bothell and Woodinville",NA,"53033021803",NA,2023-03-15
60,"Bothell and Woodinville",NA,"53033021804",NA,2023-03-15
60,"Bothell and Woodinville",NA,"53033022001",NA,2023-03-15
60,"Bothell and Woodinville",NA,NA,"530330219051",2023-03-15
60,"Bothell and Woodinville",NA,NA,"530330219053",2023-03-15
60,"Bothell and Woodinville",NA,NA,"530330221021",2023-03-15
61,"Shoreline","5363960",NA,NA,2023-03-15
