"cause.of.death","orig.coding","icd10","source"
"Alcohol_Death","E24.4","E244","DOH"
"Alcohol_Death","F10.0","F100","DOH"
"Alcohol_Death","F10.1","F101","DOH"
"Alcohol_Death","F10.2","F102","DOH"
"Alcohol_Death","F10.3","F103","DOH"
"Alcohol_Death","F10.4","F104","DOH"
"Alcohol_Death","F10.5","F105","DOH"
"Alcohol_Death","F10.6","F106","DOH"
"Alcohol_Death","F10.7","F107","DOH"
"Alcohol_Death","F10.8","F108","DOH"
"Alcohol_Death","F10.9","F109","DOH"
"Alcohol_Death","G31.2","G312","DOH"
"Alcohol_Death","G62.1","G621","DOH"
"Alcohol_Death","G72.1","G721","DOH"
"Alcohol_Death","I42.6","I426","DOH"
"Alcohol_Death","K29.2","K292","DOH"
"Alcohol_Death","K70.0","K700","DOH"
"Alcohol_Death","K70.1","K701","DOH"
"Alcohol_Death","K70.2","K702","DOH"
"Alcohol_Death","K70.3","K703","DOH"
"Alcohol_Death","K70.4","K704","DOH"
"Alcohol_Death","K70.9","K709","DOH"
"Alcohol_Death","K86.0","K860","DOH"
"Alcohol_Death","R78.0","R780","DOH"
"Alcohol_Death","X45","X450","DOH"
"Alcohol_Death","X45","X451","DOH"
"Alcohol_Death","X45","X452","DOH"
"Alcohol_Death","X45","X453","DOH"
"Alcohol_Death","X45","X454","DOH"
"Alcohol_Death","X45","X455","DOH"
"Alcohol_Death","X45","X456","DOH"
"Alcohol_Death","X45","X457","DOH"
"Alcohol_Death","X45","X458","DOH"
"Alcohol_Death","X45","X459","DOH"
"Alcohol_Death","X65","X650","DOH"
"Alcohol_Death","X65","X651","DOH"
"Alcohol_Death","X65","X652","DOH"
"Alcohol_Death","X65","X653","DOH"
"Alcohol_Death","X65","X654","DOH"
"Alcohol_Death","X65","X655","DOH"
"Alcohol_Death","X65","X656","DOH"
"Alcohol_Death","X65","X657","DOH"
"Alcohol_Death","X65","X658","DOH"
"Alcohol_Death","X65","X659","DOH"
"Alcohol_Death","Y15","Y150","DOH"
"Alcohol_Death","Y15","Y151","DOH"
"Alcohol_Death","Y15","Y152","DOH"
"Alcohol_Death","Y15","Y153","DOH"
"Alcohol_Death","Y15","Y154","DOH"
"Alcohol_Death","Y15","Y155","DOH"
"Alcohol_Death","Y15","Y156","DOH"
"Alcohol_Death","Y15","Y157","DOH"
"Alcohol_Death","Y15","Y158","DOH"
"Alcohol_Death","Y15","Y159","DOH"
"CO_Death","T58","T580","DOH"
"CO_Death","T58","T581","DOH"
"CO_Death","T58","T582","DOH"
"CO_Death","T58","T583","DOH"
"CO_Death","T58","T584","DOH"
"CO_Death","T58","T585","DOH"
"CO_Death","T58","T586","DOH"
"CO_Death","T58","T587","DOH"
"CO_Death","T58","T588","DOH"
"CO_Death","T58","T589","DOH"
"CO_Death","X00-X09","X00","DOH"
"CO_Death","X00-X09","X01","DOH"
"CO_Death","X00-X09","X010","DOH"
"CO_Death","X00-X09","X011","DOH"
"CO_Death","X00-X09","X012","DOH"
"CO_Death","X00-X09","X013","DOH"
"CO_Death","X00-X09","X014","DOH"
"CO_Death","X00-X09","X015","DOH"
"CO_Death","X00-X09","X016","DOH"
"CO_Death","X00-X09","X017","DOH"
"CO_Death","X00-X09","X018","DOH"
"CO_Death","X00-X09","X019","DOH"
"CO_Death","X00-X09","X02","DOH"
"CO_Death","X00-X09","X020","DOH"
"CO_Death","X00-X09","X021","DOH"
"CO_Death","X00-X09","X022","DOH"
"CO_Death","X00-X09","X023","DOH"
"CO_Death","X00-X09","X024","DOH"
"CO_Death","X00-X09","X025","DOH"
"CO_Death","X00-X09","X026","DOH"
"CO_Death","X00-X09","X027","DOH"
"CO_Death","X00-X09","X028","DOH"
"CO_Death","X00-X09","X029","DOH"
"CO_Death","X00-X09","X03","DOH"
"CO_Death","X00-X09","X030","DOH"
"CO_Death","X00-X09","X031","DOH"
"CO_Death","X00-X09","X032","DOH"
"CO_Death","X00-X09","X033","DOH"
"CO_Death","X00-X09","X034","DOH"
"CO_Death","X00-X09","X035","DOH"
"CO_Death","X00-X09","X036","DOH"
"CO_Death","X00-X09","X037","DOH"
"CO_Death","X00-X09","X038","DOH"
"CO_Death","X00-X09","X039","DOH"
"CO_Death","X00-X09","X04","DOH"
"CO_Death","X00-X09","X040","DOH"
"CO_Death","X00-X09","X041","DOH"
"CO_Death","X00-X09","X042","DOH"
"CO_Death","X00-X09","X043","DOH"
"CO_Death","X00-X09","X044","DOH"
"CO_Death","X00-X09","X045","DOH"
"CO_Death","X00-X09","X046","DOH"
"CO_Death","X00-X09","X047","DOH"
"CO_Death","X00-X09","X048","DOH"
"CO_Death","X00-X09","X049","DOH"
"CO_Death","X00-X09","X05","DOH"
"CO_Death","X00-X09","X050","DOH"
"CO_Death","X00-X09","X051","DOH"
"CO_Death","X00-X09","X052","DOH"
"CO_Death","X00-X09","X053","DOH"
"CO_Death","X00-X09","X054","DOH"
"CO_Death","X00-X09","X055","DOH"
"CO_Death","X00-X09","X056","DOH"
"CO_Death","X00-X09","X057","DOH"
"CO_Death","X00-X09","X058","DOH"
"CO_Death","X00-X09","X059","DOH"
"CO_Death","X00-X09","X06","DOH"
"CO_Death","X00-X09","X060","DOH"
"CO_Death","X00-X09","X061","DOH"
"CO_Death","X00-X09","X062","DOH"
"CO_Death","X00-X09","X063","DOH"
"CO_Death","X00-X09","X064","DOH"
"CO_Death","X00-X09","X065","DOH"
"CO_Death","X00-X09","X066","DOH"
"CO_Death","X00-X09","X067","DOH"
"CO_Death","X00-X09","X068","DOH"
"CO_Death","X00-X09","X069","DOH"
"CO_Death","X00-X09","X07","DOH"
"CO_Death","X00-X09","X070","DOH"
"CO_Death","X00-X09","X071","DOH"
"CO_Death","X00-X09","X072","DOH"
"CO_Death","X00-X09","X073","DOH"
"CO_Death","X00-X09","X074","DOH"
"CO_Death","X00-X09","X075","DOH"
"CO_Death","X00-X09","X076","DOH"
"CO_Death","X00-X09","X077","DOH"
"CO_Death","X00-X09","X078","DOH"
"CO_Death","X00-X09","X079","DOH"
"CO_Death","X00-X09","X08","DOH"
"CO_Death","X00-X09","X080","DOH"
"CO_Death","X00-X09","X081","DOH"
"CO_Death","X00-X09","X082","DOH"
"CO_Death","X00-X09","X083","DOH"
"CO_Death","X00-X09","X084","DOH"
"CO_Death","X00-X09","X085","DOH"
"CO_Death","X00-X09","X086","DOH"
"CO_Death","X00-X09","X087","DOH"
"CO_Death","X00-X09","X088","DOH"
"CO_Death","X00-X09","X089","DOH"
"CO_Death","X00-X09","X09","DOH"
"CO_Death","X00-X09","X090","DOH"
"CO_Death","X00-X09","X091","DOH"
"CO_Death","X00-X09","X092","DOH"
"CO_Death","X00-X09","X093","DOH"
"CO_Death","X00-X09","X094","DOH"
"CO_Death","X00-X09","X095","DOH"
"CO_Death","X00-X09","X096","DOH"
"CO_Death","X00-X09","X097","DOH"
"CO_Death","X00-X09","X098","DOH"
"CO_Death","X00-X09","X099","DOH"
"CO_Death","X47","X470","DOH"
"CO_Death","X47","X471","DOH"
"CO_Death","X47","X472","DOH"
"CO_Death","X47","X473","DOH"
"CO_Death","X47","X474","DOH"
"CO_Death","X47","X475","DOH"
"CO_Death","X47","X476","DOH"
"CO_Death","X47","X477","DOH"
"CO_Death","X47","X478","DOH"
"CO_Death","X47","X479","DOH"
"CO_Death","X60-Y09","X600","DOH"
"CO_Death","X60-Y09","X601","DOH"
"CO_Death","X60-Y09","X602","DOH"
"CO_Death","X60-Y09","X603","DOH"
"CO_Death","X60-Y09","X604","DOH"
"CO_Death","X60-Y09","X605","DOH"
"CO_Death","X60-Y09","X606","DOH"
"CO_Death","X60-Y09","X607","DOH"
"CO_Death","X60-Y09","X608","DOH"
"CO_Death","X60-Y09","X609","DOH"
"CO_Death","X60-Y09","X610","DOH"
"CO_Death","X60-Y09","X611","DOH"
"CO_Death","X60-Y09","X612","DOH"
"CO_Death","X60-Y09","X613","DOH"
"CO_Death","X60-Y09","X614","DOH"
"CO_Death","X60-Y09","X615","DOH"
"CO_Death","X60-Y09","X616","DOH"
"CO_Death","X60-Y09","X617","DOH"
"CO_Death","X60-Y09","X618","DOH"
"CO_Death","X60-Y09","X619","DOH"
"CO_Death","X60-Y09","X620","DOH"
"CO_Death","X60-Y09","X621","DOH"
"CO_Death","X60-Y09","X622","DOH"
"CO_Death","X60-Y09","X623","DOH"
"CO_Death","X60-Y09","X624","DOH"
"CO_Death","X60-Y09","X625","DOH"
"CO_Death","X60-Y09","X626","DOH"
"CO_Death","X60-Y09","X627","DOH"
"CO_Death","X60-Y09","X628","DOH"
"CO_Death","X60-Y09","X629","DOH"
"CO_Death","X60-Y09","X630","DOH"
"CO_Death","X60-Y09","X631","DOH"
"CO_Death","X60-Y09","X632","DOH"
"CO_Death","X60-Y09","X633","DOH"
"CO_Death","X60-Y09","X634","DOH"
"CO_Death","X60-Y09","X635","DOH"
"CO_Death","X60-Y09","X636","DOH"
"CO_Death","X60-Y09","X637","DOH"
"CO_Death","X60-Y09","X638","DOH"
"CO_Death","X60-Y09","X639","DOH"
"CO_Death","X60-Y09","X640","DOH"
"CO_Death","X60-Y09","X641","DOH"
"CO_Death","X60-Y09","X642","DOH"
"CO_Death","X60-Y09","X643","DOH"
"CO_Death","X60-Y09","X644","DOH"
"CO_Death","X60-Y09","X645","DOH"
"CO_Death","X60-Y09","X646","DOH"
"CO_Death","X60-Y09","X647","DOH"
"CO_Death","X60-Y09","X648","DOH"
"CO_Death","X60-Y09","X649","DOH"
"CO_Death","X60-Y09","X650","DOH"
"CO_Death","X60-Y09","X651","DOH"
"CO_Death","X60-Y09","X652","DOH"
"CO_Death","X60-Y09","X653","DOH"
"CO_Death","X60-Y09","X654","DOH"
"CO_Death","X60-Y09","X655","DOH"
"CO_Death","X60-Y09","X656","DOH"
"CO_Death","X60-Y09","X657","DOH"
"CO_Death","X60-Y09","X658","DOH"
"CO_Death","X60-Y09","X659","DOH"
"CO_Death","X60-Y09","X660","DOH"
"CO_Death","X60-Y09","X661","DOH"
"CO_Death","X60-Y09","X662","DOH"
"CO_Death","X60-Y09","X663","DOH"
"CO_Death","X60-Y09","X664","DOH"
"CO_Death","X60-Y09","X665","DOH"
"CO_Death","X60-Y09","X666","DOH"
"CO_Death","X60-Y09","X667","DOH"
"CO_Death","X60-Y09","X668","DOH"
"CO_Death","X60-Y09","X669","DOH"
"CO_Death","X60-Y09","X670","DOH"
"CO_Death","X60-Y09","X671","DOH"
"CO_Death","X60-Y09","X672","DOH"
"CO_Death","X60-Y09","X673","DOH"
"CO_Death","X60-Y09","X674","DOH"
"CO_Death","X60-Y09","X675","DOH"
"CO_Death","X60-Y09","X676","DOH"
"CO_Death","X60-Y09","X677","DOH"
"CO_Death","X60-Y09","X678","DOH"
"CO_Death","X60-Y09","X679","DOH"
"CO_Death","X60-Y09","X680","DOH"
"CO_Death","X60-Y09","X681","DOH"
"CO_Death","X60-Y09","X682","DOH"
"CO_Death","X60-Y09","X683","DOH"
"CO_Death","X60-Y09","X684","DOH"
"CO_Death","X60-Y09","X685","DOH"
"CO_Death","X60-Y09","X686","DOH"
"CO_Death","X60-Y09","X687","DOH"
"CO_Death","X60-Y09","X688","DOH"
"CO_Death","X60-Y09","X689","DOH"
"CO_Death","X60-Y09","X690","DOH"
"CO_Death","X60-Y09","X691","DOH"
"CO_Death","X60-Y09","X692","DOH"
"CO_Death","X60-Y09","X693","DOH"
"CO_Death","X60-Y09","X694","DOH"
"CO_Death","X60-Y09","X695","DOH"
"CO_Death","X60-Y09","X696","DOH"
"CO_Death","X60-Y09","X697","DOH"
"CO_Death","X60-Y09","X698","DOH"
"CO_Death","X60-Y09","X699","DOH"
"CO_Death","X60-Y09","X700","DOH"
"CO_Death","X60-Y09","X701","DOH"
"CO_Death","X60-Y09","X702","DOH"
"CO_Death","X60-Y09","X703","DOH"
"CO_Death","X60-Y09","X704","DOH"
"CO_Death","X60-Y09","X705","DOH"
"CO_Death","X60-Y09","X706","DOH"
"CO_Death","X60-Y09","X707","DOH"
"CO_Death","X60-Y09","X708","DOH"
"CO_Death","X60-Y09","X709","DOH"
"CO_Death","X60-Y09","X710","DOH"
"CO_Death","X60-Y09","X711","DOH"
"CO_Death","X60-Y09","X712","DOH"
"CO_Death","X60-Y09","X713","DOH"
"CO_Death","X60-Y09","X714","DOH"
"CO_Death","X60-Y09","X715","DOH"
"CO_Death","X60-Y09","X716","DOH"
"CO_Death","X60-Y09","X717","DOH"
"CO_Death","X60-Y09","X718","DOH"
"CO_Death","X60-Y09","X719","DOH"
"CO_Death","X60-Y09","X720","DOH"
"CO_Death","X60-Y09","X721","DOH"
"CO_Death","X60-Y09","X722","DOH"
"CO_Death","X60-Y09","X723","DOH"
"CO_Death","X60-Y09","X724","DOH"
"CO_Death","X60-Y09","X725","DOH"
"CO_Death","X60-Y09","X726","DOH"
"CO_Death","X60-Y09","X727","DOH"
"CO_Death","X60-Y09","X728","DOH"
"CO_Death","X60-Y09","X729","DOH"
"CO_Death","X60-Y09","X730","DOH"
"CO_Death","X60-Y09","X731","DOH"
"CO_Death","X60-Y09","X732","DOH"
"CO_Death","X60-Y09","X733","DOH"
"CO_Death","X60-Y09","X734","DOH"
"CO_Death","X60-Y09","X735","DOH"
"CO_Death","X60-Y09","X736","DOH"
"CO_Death","X60-Y09","X737","DOH"
"CO_Death","X60-Y09","X738","DOH"
"CO_Death","X60-Y09","X739","DOH"
"CO_Death","X60-Y09","X740","DOH"
"CO_Death","X60-Y09","X741","DOH"
"CO_Death","X60-Y09","X742","DOH"
"CO_Death","X60-Y09","X743","DOH"
"CO_Death","X60-Y09","X744","DOH"
"CO_Death","X60-Y09","X745","DOH"
"CO_Death","X60-Y09","X746","DOH"
"CO_Death","X60-Y09","X747","DOH"
"CO_Death","X60-Y09","X748","DOH"
"CO_Death","X60-Y09","X749","DOH"
"CO_Death","X60-Y09","X750","DOH"
"CO_Death","X60-Y09","X751","DOH"
"CO_Death","X60-Y09","X752","DOH"
"CO_Death","X60-Y09","X753","DOH"
"CO_Death","X60-Y09","X754","DOH"
"CO_Death","X60-Y09","X755","DOH"
"CO_Death","X60-Y09","X756","DOH"
"CO_Death","X60-Y09","X757","DOH"
"CO_Death","X60-Y09","X758","DOH"
"CO_Death","X60-Y09","X759","DOH"
"CO_Death","X60-Y09","X760","DOH"
"CO_Death","X60-Y09","X761","DOH"
"CO_Death","X60-Y09","X762","DOH"
"CO_Death","X60-Y09","X763","DOH"
"CO_Death","X60-Y09","X764","DOH"
"CO_Death","X60-Y09","X765","DOH"
"CO_Death","X60-Y09","X766","DOH"
"CO_Death","X60-Y09","X767","DOH"
"CO_Death","X60-Y09","X768","DOH"
"CO_Death","X60-Y09","X769","DOH"
"CO_Death","X60-Y09","X770","DOH"
"CO_Death","X60-Y09","X771","DOH"
"CO_Death","X60-Y09","X772","DOH"
"CO_Death","X60-Y09","X773","DOH"
"CO_Death","X60-Y09","X774","DOH"
"CO_Death","X60-Y09","X775","DOH"
"CO_Death","X60-Y09","X776","DOH"
"CO_Death","X60-Y09","X777","DOH"
"CO_Death","X60-Y09","X778","DOH"
"CO_Death","X60-Y09","X779","DOH"
"CO_Death","X60-Y09","X780","DOH"
"CO_Death","X60-Y09","X781","DOH"
"CO_Death","X60-Y09","X782","DOH"
"CO_Death","X60-Y09","X783","DOH"
"CO_Death","X60-Y09","X784","DOH"
"CO_Death","X60-Y09","X785","DOH"
"CO_Death","X60-Y09","X786","DOH"
"CO_Death","X60-Y09","X787","DOH"
"CO_Death","X60-Y09","X788","DOH"
"CO_Death","X60-Y09","X789","DOH"
"CO_Death","X60-Y09","X790","DOH"
"CO_Death","X60-Y09","X791","DOH"
"CO_Death","X60-Y09","X792","DOH"
"CO_Death","X60-Y09","X793","DOH"
"CO_Death","X60-Y09","X794","DOH"
"CO_Death","X60-Y09","X795","DOH"
"CO_Death","X60-Y09","X796","DOH"
"CO_Death","X60-Y09","X797","DOH"
"CO_Death","X60-Y09","X798","DOH"
"CO_Death","X60-Y09","X799","DOH"
"CO_Death","X60-Y09","X800","DOH"
"CO_Death","X60-Y09","X801","DOH"
"CO_Death","X60-Y09","X802","DOH"
"CO_Death","X60-Y09","X803","DOH"
"CO_Death","X60-Y09","X804","DOH"
"CO_Death","X60-Y09","X805","DOH"
"CO_Death","X60-Y09","X806","DOH"
"CO_Death","X60-Y09","X807","DOH"
"CO_Death","X60-Y09","X808","DOH"
"CO_Death","X60-Y09","X809","DOH"
"CO_Death","X60-Y09","X810","DOH"
"CO_Death","X60-Y09","X811","DOH"
"CO_Death","X60-Y09","X812","DOH"
"CO_Death","X60-Y09","X813","DOH"
"CO_Death","X60-Y09","X814","DOH"
"CO_Death","X60-Y09","X815","DOH"
"CO_Death","X60-Y09","X816","DOH"
"CO_Death","X60-Y09","X817","DOH"
"CO_Death","X60-Y09","X818","DOH"
"CO_Death","X60-Y09","X819","DOH"
"CO_Death","X60-Y09","X820","DOH"
"CO_Death","X60-Y09","X821","DOH"
"CO_Death","X60-Y09","X822","DOH"
"CO_Death","X60-Y09","X823","DOH"
"CO_Death","X60-Y09","X824","DOH"
"CO_Death","X60-Y09","X825","DOH"
"CO_Death","X60-Y09","X826","DOH"
"CO_Death","X60-Y09","X827","DOH"
"CO_Death","X60-Y09","X828","DOH"
"CO_Death","X60-Y09","X829","DOH"
"CO_Death","X60-Y09","X830","DOH"
"CO_Death","X60-Y09","X831","DOH"
"CO_Death","X60-Y09","X832","DOH"
"CO_Death","X60-Y09","X833","DOH"
"CO_Death","X60-Y09","X834","DOH"
"CO_Death","X60-Y09","X835","DOH"
"CO_Death","X60-Y09","X836","DOH"
"CO_Death","X60-Y09","X837","DOH"
"CO_Death","X60-Y09","X838","DOH"
"CO_Death","X60-Y09","X839","DOH"
"CO_Death","X60-Y09","X840","DOH"
"CO_Death","X60-Y09","X841","DOH"
"CO_Death","X60-Y09","X842","DOH"
"CO_Death","X60-Y09","X843","DOH"
"CO_Death","X60-Y09","X844","DOH"
"CO_Death","X60-Y09","X845","DOH"
"CO_Death","X60-Y09","X846","DOH"
"CO_Death","X60-Y09","X847","DOH"
"CO_Death","X60-Y09","X848","DOH"
"CO_Death","X60-Y09","X849","DOH"
"CO_Death","X60-Y09","X850","DOH"
"CO_Death","X60-Y09","X851","DOH"
"CO_Death","X60-Y09","X852","DOH"
"CO_Death","X60-Y09","X853","DOH"
"CO_Death","X60-Y09","X854","DOH"
"CO_Death","X60-Y09","X855","DOH"
"CO_Death","X60-Y09","X856","DOH"
"CO_Death","X60-Y09","X857","DOH"
"CO_Death","X60-Y09","X858","DOH"
"CO_Death","X60-Y09","X859","DOH"
"CO_Death","X60-Y09","X860","DOH"
"CO_Death","X60-Y09","X861","DOH"
"CO_Death","X60-Y09","X862","DOH"
"CO_Death","X60-Y09","X863","DOH"
"CO_Death","X60-Y09","X864","DOH"
"CO_Death","X60-Y09","X865","DOH"
"CO_Death","X60-Y09","X866","DOH"
"CO_Death","X60-Y09","X867","DOH"
"CO_Death","X60-Y09","X868","DOH"
"CO_Death","X60-Y09","X869","DOH"
"CO_Death","X60-Y09","X870","DOH"
"CO_Death","X60-Y09","X871","DOH"
"CO_Death","X60-Y09","X872","DOH"
"CO_Death","X60-Y09","X873","DOH"
"CO_Death","X60-Y09","X874","DOH"
"CO_Death","X60-Y09","X875","DOH"
"CO_Death","X60-Y09","X876","DOH"
"CO_Death","X60-Y09","X877","DOH"
"CO_Death","X60-Y09","X878","DOH"
"CO_Death","X60-Y09","X879","DOH"
"CO_Death","X60-Y09","X880","DOH"
"CO_Death","X60-Y09","X881","DOH"
"CO_Death","X60-Y09","X882","DOH"
"CO_Death","X60-Y09","X883","DOH"
"CO_Death","X60-Y09","X884","DOH"
"CO_Death","X60-Y09","X885","DOH"
"CO_Death","X60-Y09","X886","DOH"
"CO_Death","X60-Y09","X887","DOH"
"CO_Death","X60-Y09","X888","DOH"
"CO_Death","X60-Y09","X889","DOH"
"CO_Death","X60-Y09","X890","DOH"
"CO_Death","X60-Y09","X891","DOH"
"CO_Death","X60-Y09","X892","DOH"
"CO_Death","X60-Y09","X893","DOH"
"CO_Death","X60-Y09","X894","DOH"
"CO_Death","X60-Y09","X895","DOH"
"CO_Death","X60-Y09","X896","DOH"
"CO_Death","X60-Y09","X897","DOH"
"CO_Death","X60-Y09","X898","DOH"
"CO_Death","X60-Y09","X899","DOH"
"CO_Death","X60-Y09","X900","DOH"
"CO_Death","X60-Y09","X901","DOH"
"CO_Death","X60-Y09","X902","DOH"
"CO_Death","X60-Y09","X903","DOH"
"CO_Death","X60-Y09","X904","DOH"
"CO_Death","X60-Y09","X905","DOH"
"CO_Death","X60-Y09","X906","DOH"
"CO_Death","X60-Y09","X907","DOH"
"CO_Death","X60-Y09","X908","DOH"
"CO_Death","X60-Y09","X909","DOH"
"CO_Death","X60-Y09","X910","DOH"
"CO_Death","X60-Y09","X911","DOH"
"CO_Death","X60-Y09","X912","DOH"
"CO_Death","X60-Y09","X913","DOH"
"CO_Death","X60-Y09","X914","DOH"
"CO_Death","X60-Y09","X915","DOH"
"CO_Death","X60-Y09","X916","DOH"
"CO_Death","X60-Y09","X917","DOH"
"CO_Death","X60-Y09","X918","DOH"
"CO_Death","X60-Y09","X919","DOH"
"CO_Death","X60-Y09","X920","DOH"
"CO_Death","X60-Y09","X921","DOH"
"CO_Death","X60-Y09","X922","DOH"
"CO_Death","X60-Y09","X923","DOH"
"CO_Death","X60-Y09","X924","DOH"
"CO_Death","X60-Y09","X925","DOH"
"CO_Death","X60-Y09","X926","DOH"
"CO_Death","X60-Y09","X927","DOH"
"CO_Death","X60-Y09","X928","DOH"
"CO_Death","X60-Y09","X929","DOH"
"CO_Death","X60-Y09","X930","DOH"
"CO_Death","X60-Y09","X931","DOH"
"CO_Death","X60-Y09","X932","DOH"
"CO_Death","X60-Y09","X933","DOH"
"CO_Death","X60-Y09","X934","DOH"
"CO_Death","X60-Y09","X935","DOH"
"CO_Death","X60-Y09","X936","DOH"
"CO_Death","X60-Y09","X937","DOH"
"CO_Death","X60-Y09","X938","DOH"
"CO_Death","X60-Y09","X939","DOH"
"CO_Death","X60-Y09","X940","DOH"
"CO_Death","X60-Y09","X941","DOH"
"CO_Death","X60-Y09","X942","DOH"
"CO_Death","X60-Y09","X943","DOH"
"CO_Death","X60-Y09","X944","DOH"
"CO_Death","X60-Y09","X945","DOH"
"CO_Death","X60-Y09","X946","DOH"
"CO_Death","X60-Y09","X947","DOH"
"CO_Death","X60-Y09","X948","DOH"
"CO_Death","X60-Y09","X949","DOH"
"CO_Death","X60-Y09","X950","DOH"
"CO_Death","X60-Y09","X951","DOH"
"CO_Death","X60-Y09","X952","DOH"
"CO_Death","X60-Y09","X953","DOH"
"CO_Death","X60-Y09","X954","DOH"
"CO_Death","X60-Y09","X955","DOH"
"CO_Death","X60-Y09","X956","DOH"
"CO_Death","X60-Y09","X957","DOH"
"CO_Death","X60-Y09","X958","DOH"
"CO_Death","X60-Y09","X959","DOH"
"CO_Death","X60-Y09","X960","DOH"
"CO_Death","X60-Y09","X961","DOH"
"CO_Death","X60-Y09","X962","DOH"
"CO_Death","X60-Y09","X963","DOH"
"CO_Death","X60-Y09","X964","DOH"
"CO_Death","X60-Y09","X965","DOH"
"CO_Death","X60-Y09","X966","DOH"
"CO_Death","X60-Y09","X967","DOH"
"CO_Death","X60-Y09","X968","DOH"
"CO_Death","X60-Y09","X969","DOH"
"CO_Death","X60-Y09","X970","DOH"
"CO_Death","X60-Y09","X971","DOH"
"CO_Death","X60-Y09","X972","DOH"
"CO_Death","X60-Y09","X973","DOH"
"CO_Death","X60-Y09","X974","DOH"
"CO_Death","X60-Y09","X975","DOH"
"CO_Death","X60-Y09","X976","DOH"
"CO_Death","X60-Y09","X977","DOH"
"CO_Death","X60-Y09","X978","DOH"
"CO_Death","X60-Y09","X979","DOH"
"CO_Death","X60-Y09","X980","DOH"
"CO_Death","X60-Y09","X981","DOH"
"CO_Death","X60-Y09","X982","DOH"
"CO_Death","X60-Y09","X983","DOH"
"CO_Death","X60-Y09","X984","DOH"
"CO_Death","X60-Y09","X985","DOH"
"CO_Death","X60-Y09","X986","DOH"
"CO_Death","X60-Y09","X987","DOH"
"CO_Death","X60-Y09","X988","DOH"
"CO_Death","X60-Y09","X989","DOH"
"CO_Death","X60-Y09","X990","DOH"
"CO_Death","X60-Y09","X991","DOH"
"CO_Death","X60-Y09","X992","DOH"
"CO_Death","X60-Y09","X993","DOH"
"CO_Death","X60-Y09","X994","DOH"
"CO_Death","X60-Y09","X995","DOH"
"CO_Death","X60-Y09","X996","DOH"
"CO_Death","X60-Y09","X997","DOH"
"CO_Death","X60-Y09","X998","DOH"
"CO_Death","X60-Y09","X999","DOH"
"CO_Death","X60-Y09","Y000","DOH"
"CO_Death","X60-Y09","Y001","DOH"
"CO_Death","X60-Y09","Y002","DOH"
"CO_Death","X60-Y09","Y003","DOH"
"CO_Death","X60-Y09","Y004","DOH"
"CO_Death","X60-Y09","Y005","DOH"
"CO_Death","X60-Y09","Y006","DOH"
"CO_Death","X60-Y09","Y007","DOH"
"CO_Death","X60-Y09","Y008","DOH"
"CO_Death","X60-Y09","Y009","DOH"
"CO_Death","X60-Y09","Y010","DOH"
"CO_Death","X60-Y09","Y011","DOH"
"CO_Death","X60-Y09","Y012","DOH"
"CO_Death","X60-Y09","Y013","DOH"
"CO_Death","X60-Y09","Y014","DOH"
"CO_Death","X60-Y09","Y015","DOH"
"CO_Death","X60-Y09","Y016","DOH"
"CO_Death","X60-Y09","Y017","DOH"
"CO_Death","X60-Y09","Y018","DOH"
"CO_Death","X60-Y09","Y019","DOH"
"CO_Death","X60-Y09","Y020","DOH"
"CO_Death","X60-Y09","Y021","DOH"
"CO_Death","X60-Y09","Y022","DOH"
"CO_Death","X60-Y09","Y023","DOH"
"CO_Death","X60-Y09","Y024","DOH"
"CO_Death","X60-Y09","Y025","DOH"
"CO_Death","X60-Y09","Y026","DOH"
"CO_Death","X60-Y09","Y027","DOH"
"CO_Death","X60-Y09","Y028","DOH"
"CO_Death","X60-Y09","Y029","DOH"
"CO_Death","X60-Y09","Y030","DOH"
"CO_Death","X60-Y09","Y031","DOH"
"CO_Death","X60-Y09","Y032","DOH"
"CO_Death","X60-Y09","Y033","DOH"
"CO_Death","X60-Y09","Y034","DOH"
"CO_Death","X60-Y09","Y035","DOH"
"CO_Death","X60-Y09","Y036","DOH"
"CO_Death","X60-Y09","Y037","DOH"
"CO_Death","X60-Y09","Y038","DOH"
"CO_Death","X60-Y09","Y039","DOH"
"CO_Death","X60-Y09","Y040","DOH"
"CO_Death","X60-Y09","Y041","DOH"
"CO_Death","X60-Y09","Y042","DOH"
"CO_Death","X60-Y09","Y043","DOH"
"CO_Death","X60-Y09","Y044","DOH"
"CO_Death","X60-Y09","Y045","DOH"
"CO_Death","X60-Y09","Y046","DOH"
"CO_Death","X60-Y09","Y047","DOH"
"CO_Death","X60-Y09","Y048","DOH"
"CO_Death","X60-Y09","Y049","DOH"
"CO_Death","X60-Y09","Y050","DOH"
"CO_Death","X60-Y09","Y051","DOH"
"CO_Death","X60-Y09","Y052","DOH"
"CO_Death","X60-Y09","Y053","DOH"
"CO_Death","X60-Y09","Y054","DOH"
"CO_Death","X60-Y09","Y055","DOH"
"CO_Death","X60-Y09","Y056","DOH"
"CO_Death","X60-Y09","Y057","DOH"
"CO_Death","X60-Y09","Y058","DOH"
"CO_Death","X60-Y09","Y059","DOH"
"CO_Death","X60-Y09","Y060","DOH"
"CO_Death","X60-Y09","Y061","DOH"
"CO_Death","X60-Y09","Y062","DOH"
"CO_Death","X60-Y09","Y063","DOH"
"CO_Death","X60-Y09","Y064","DOH"
"CO_Death","X60-Y09","Y065","DOH"
"CO_Death","X60-Y09","Y066","DOH"
"CO_Death","X60-Y09","Y067","DOH"
"CO_Death","X60-Y09","Y068","DOH"
"CO_Death","X60-Y09","Y069","DOH"
"CO_Death","X60-Y09","Y070","DOH"
"CO_Death","X60-Y09","Y071","DOH"
"CO_Death","X60-Y09","Y072","DOH"
"CO_Death","X60-Y09","Y073","DOH"
"CO_Death","X60-Y09","Y074","DOH"
"CO_Death","X60-Y09","Y075","DOH"
"CO_Death","X60-Y09","Y076","DOH"
"CO_Death","X60-Y09","Y077","DOH"
"CO_Death","X60-Y09","Y078","DOH"
"CO_Death","X60-Y09","Y079","DOH"
"CO_Death","X60-Y09","Y080","DOH"
"CO_Death","X60-Y09","Y081","DOH"
"CO_Death","X60-Y09","Y082","DOH"
"CO_Death","X60-Y09","Y083","DOH"
"CO_Death","X60-Y09","Y084","DOH"
"CO_Death","X60-Y09","Y085","DOH"
"CO_Death","X60-Y09","Y086","DOH"
"CO_Death","X60-Y09","Y087","DOH"
"CO_Death","X60-Y09","Y088","DOH"
"CO_Death","X60-Y09","Y089","DOH"
"CO_Death","X60-Y09","Y090","DOH"
"CO_Death","X60-Y09","Y091","DOH"
"CO_Death","X60-Y09","Y092","DOH"
"CO_Death","X60-Y09","Y093","DOH"
"CO_Death","X60-Y09","Y094","DOH"
"CO_Death","X60-Y09","Y095","DOH"
"CO_Death","X60-Y09","Y096","DOH"
"CO_Death","X60-Y09","Y097","DOH"
"CO_Death","X60-Y09","Y098","DOH"
"CO_Death","X60-Y09","Y099","DOH"
"CO_Death","Y35","Y350","DOH"
"CO_Death","Y35","Y351","DOH"
"CO_Death","Y35","Y352","DOH"
"CO_Death","Y35","Y353","DOH"
"CO_Death","Y35","Y354","DOH"
"CO_Death","Y35","Y355","DOH"
"CO_Death","Y35","Y356","DOH"
"CO_Death","Y35","Y357","DOH"
"CO_Death","Y35","Y358","DOH"
"CO_Death","Y35","Y359","DOH"
"CO_Death","Y36","Y360","DOH"
"CO_Death","Y36","Y361","DOH"
"CO_Death","Y36","Y362","DOH"
"CO_Death","Y36","Y363","DOH"
"CO_Death","Y36","Y364","DOH"
"CO_Death","Y36","Y365","DOH"
"CO_Death","Y36","Y366","DOH"
"CO_Death","Y36","Y367","DOH"
"CO_Death","Y36","Y368","DOH"
"CO_Death","Y36","Y369","DOH"
"Diabetes_Death","E10","E100","DOH"
"Diabetes_Death","E10","E101","DOH"
"Diabetes_Death","E10","E102","DOH"
"Diabetes_Death","E10","E103","DOH"
"Diabetes_Death","E10","E104","DOH"
"Diabetes_Death","E10","E105","DOH"
"Diabetes_Death","E10","E106","DOH"
"Diabetes_Death","E10","E107","DOH"
"Diabetes_Death","E10","E108","DOH"
"Diabetes_Death","E10","E109","DOH"
"Diabetes_Death","E11","E110","DOH"
"Diabetes_Death","E11","E111","DOH"
"Diabetes_Death","E11","E112","DOH"
"Diabetes_Death","E11","E113","DOH"
"Diabetes_Death","E11","E114","DOH"
"Diabetes_Death","E11","E115","DOH"
"Diabetes_Death","E11","E116","DOH"
"Diabetes_Death","E11","E117","DOH"
"Diabetes_Death","E11","E118","DOH"
"Diabetes_Death","E11","E119","DOH"
"Diabetes_Death","E12","E120","DOH"
"Diabetes_Death","E12","E121","DOH"
"Diabetes_Death","E12","E122","DOH"
"Diabetes_Death","E12","E123","DOH"
"Diabetes_Death","E12","E124","DOH"
"Diabetes_Death","E12","E125","DOH"
"Diabetes_Death","E12","E126","DOH"
"Diabetes_Death","E12","E127","DOH"
"Diabetes_Death","E12","E128","DOH"
"Diabetes_Death","E12","E129","DOH"
"Diabetes_Death","E13","E130","DOH"
"Diabetes_Death","E13","E131","DOH"
"Diabetes_Death","E13","E132","DOH"
"Diabetes_Death","E13","E133","DOH"
"Diabetes_Death","E13","E134","DOH"
"Diabetes_Death","E13","E135","DOH"
"Diabetes_Death","E13","E136","DOH"
"Diabetes_Death","E13","E137","DOH"
"Diabetes_Death","E13","E138","DOH"
"Diabetes_Death","E13","E139","DOH"
"Diabetes_Death","E14","E140","DOH"
"Diabetes_Death","E14","E141","DOH"
"Diabetes_Death","E14","E142","DOH"
"Diabetes_Death","E14","E143","DOH"
"Diabetes_Death","E14","E144","DOH"
"Diabetes_Death","E14","E145","DOH"
"Diabetes_Death","E14","E146","DOH"
"Diabetes_Death","E14","E147","DOH"
"Diabetes_Death","E14","E148","DOH"
"Diabetes_Death","E14","E149","DOH"
"Drug-induced","D52.1","D521","CDC"
"Drug-induced","D59.0","D590","CDC"
"Drug-induced","D59.2","D592","CDC"
"Drug-induced","D61.1","D611","CDC"
"Drug-induced","D64.2","D642","CDC"
"Drug-induced","E06.4","E064","CDC"
"Drug-induced","E16.0","E160","CDC"
"Drug-induced","E23.1","E231","CDC"
"Drug-induced","E24.2","E242","CDC"
"Drug-induced","E27.3","E273","CDC"
"Drug-induced","E66.1","E661","CDC"
"Drug-induced","F11.1–F11.5","F111","CDC"
"Drug-induced","F11.1–F11.5","F112","CDC"
"Drug-induced","F11.1–F11.5","F113","CDC"
"Drug-induced","F11.1–F11.5","F114","CDC"
"Drug-induced","F11.1–F11.5","F115","CDC"
"Drug-induced","F11.7–F11.9","F117","CDC"
"Drug-induced","F11.7–F11.9","F118","CDC"
"Drug-induced","F11.7–F11.9","F119","CDC"
"Drug-induced","F12.1–F12.5","F121","CDC"
"Drug-induced","F12.1–F12.5","F122","CDC"
"Drug-induced","F12.1–F12.5","F123","CDC"
"Drug-induced","F12.1–F12.5","F124","CDC"
"Drug-induced","F12.1–F12.5","F125","CDC"
"Drug-induced","F12.7–F12.9","F127","CDC"
"Drug-induced","F12.7–F12.9","F128","CDC"
"Drug-induced","F12.7–F12.9","F129","CDC"
"Drug-induced","F13.1–F13.5","F131","CDC"
"Drug-induced","F13.1–F13.5","F132","CDC"
"Drug-induced","F13.1–F13.5","F133","CDC"
"Drug-induced","F13.1–F13.5","F134","CDC"
"Drug-induced","F13.1–F13.5","F135","CDC"
"Drug-induced","F13.7–F13.9","F137","CDC"
"Drug-induced","F13.7–F13.9","F138","CDC"
"Drug-induced","F13.7–F13.9","F139","CDC"
"Drug-induced","F14.1–F14.5","F141","CDC"
"Drug-induced","F14.1–F14.5","F142","CDC"
"Drug-induced","F14.1–F14.5","F143","CDC"
"Drug-induced","F14.1–F14.5","F144","CDC"
"Drug-induced","F14.1–F14.5","F145","CDC"
"Drug-induced","F14.7–F14.9","F147","CDC"
"Drug-induced","F14.7–F14.9","F148","CDC"
"Drug-induced","F14.7–F14.9","F149","CDC"
"Drug-induced","F15.1–F15.5","F151","CDC"
"Drug-induced","F15.1–F15.5","F152","CDC"
"Drug-induced","F15.1–F15.5","F153","CDC"
"Drug-induced","F15.1–F15.5","F154","CDC"
"Drug-induced","F15.1–F15.5","F155","CDC"
"Drug-induced","F15.7–F15.9","F157","CDC"
"Drug-induced","F15.7–F15.9","F158","CDC"
"Drug-induced","F15.7–F15.9","F159","CDC"
"Drug-induced","F16.1–F16.5","F161","CDC"
"Drug-induced","F16.1–F16.5","F162","CDC"
"Drug-induced","F16.1–F16.5","F163","CDC"
"Drug-induced","F16.1–F16.5","F164","CDC"
"Drug-induced","F16.1–F16.5","F165","CDC"
"Drug-induced","F16.7–F16.9","F167","CDC"
"Drug-induced","F16.7–F16.9","F168","CDC"
"Drug-induced","F16.7–F16.9","F169","CDC"
"Drug-induced","F17.3–F17.5","F173","CDC"
"Drug-induced","F17.3–F17.5","F174","CDC"
"Drug-induced","F17.3–F17.5","F175","CDC"
"Drug-induced","F17.7–F17.9","F177","CDC"
"Drug-induced","F17.7–F17.9","F178","CDC"
"Drug-induced","F17.7–F17.9","F179","CDC"
"Drug-induced","F18.1–F18.5","F181","CDC"
"Drug-induced","F18.1–F18.5","F182","CDC"
"Drug-induced","F18.1–F18.5","F183","CDC"
"Drug-induced","F18.1–F18.5","F184","CDC"
"Drug-induced","F18.1–F18.5","F185","CDC"
"Drug-induced","F18.7–F18.9","F187","CDC"
"Drug-induced","F18.7–F18.9","F188","CDC"
"Drug-induced","F18.7–F18.9","F189","CDC"
"Drug-induced","F19.1–F19.5","F191","CDC"
"Drug-induced","F19.1–F19.5","F192","CDC"
"Drug-induced","F19.1–F19.5","F193","CDC"
"Drug-induced","F19.1–F19.5","F194","CDC"
"Drug-induced","F19.1–F19.5","F195","CDC"
"Drug-induced","F19.7–F19.9","F197","CDC"
"Drug-induced","F19.7–F19.9","F198","CDC"
"Drug-induced","F19.7–F19.9","F199","CDC"
"Drug-induced","G21.1","G211","CDC"
"Drug-induced","G24.0","G240","CDC"
"Drug-induced","G25.1","G251","CDC"
"Drug-induced","G25.4","G254","CDC"
"Drug-induced","G25.6","G256","CDC"
"Drug-induced","G44.4","G444","CDC"
"Drug-induced","G62.0","G620","CDC"
"Drug-induced","G72.0","G720","CDC"
"Drug-induced","I95.2","I952","CDC"
"Drug-induced","J70.2","J702","CDC"
"Drug-induced","J70.3","J703","CDC"
"Drug-induced","J70.4","J704","CDC"
"Drug-induced","K85.3","K853","CDC"
"Drug-induced","L10.5","L105","CDC"
"Drug-induced","L27.0","L270","CDC"
"Drug-induced","L27.1","L271","CDC"
"Drug-induced","M10.2","M102","CDC"
"Drug-induced","M32.0","M320","CDC"
"Drug-induced","M80.4","M804","CDC"
"Drug-induced","M81.4","M814","CDC"
"Drug-induced","M83.5","M835","CDC"
"Drug-induced","M87.1","M871","CDC"
"Drug-induced","R50.2","R502","CDC"
"Drug-induced","R78.1","R781","CDC"
"Drug-induced","R78.2","R782","CDC"
"Drug-induced","R78.3","R783","CDC"
"Drug-induced","R78.4","R784","CDC"
"Drug-induced","R78.5","R785","CDC"
"Drug-induced","X40–X44","X400","CDC"
"Drug-induced","X40–X44","X401","CDC"
"Drug-induced","X40–X44","X402","CDC"
"Drug-induced","X40–X44","X403","CDC"
"Drug-induced","X40–X44","X404","CDC"
"Drug-induced","X40–X44","X405","CDC"
"Drug-induced","X40–X44","X406","CDC"
"Drug-induced","X40–X44","X407","CDC"
"Drug-induced","X40–X44","X408","CDC"
"Drug-induced","X40–X44","X409","CDC"
"Drug-induced","X40–X44","X410","CDC"
"Drug-induced","X40–X44","X411","CDC"
"Drug-induced","X40–X44","X412","CDC"
"Drug-induced","X40–X44","X413","CDC"
"Drug-induced","X40–X44","X414","CDC"
"Drug-induced","X40–X44","X415","CDC"
"Drug-induced","X40–X44","X416","CDC"
"Drug-induced","X40–X44","X417","CDC"
"Drug-induced","X40–X44","X418","CDC"
"Drug-induced","X40–X44","X419","CDC"
"Drug-induced","X40–X44","X420","CDC"
"Drug-induced","X40–X44","X421","CDC"
"Drug-induced","X40–X44","X422","CDC"
"Drug-induced","X40–X44","X423","CDC"
"Drug-induced","X40–X44","X424","CDC"
"Drug-induced","X40–X44","X425","CDC"
"Drug-induced","X40–X44","X426","CDC"
"Drug-induced","X40–X44","X427","CDC"
"Drug-induced","X40–X44","X428","CDC"
"Drug-induced","X40–X44","X429","CDC"
"Drug-induced","X40–X44","X430","CDC"
"Drug-induced","X40–X44","X431","CDC"
"Drug-induced","X40–X44","X432","CDC"
"Drug-induced","X40–X44","X433","CDC"
"Drug-induced","X40–X44","X434","CDC"
"Drug-induced","X40–X44","X435","CDC"
"Drug-induced","X40–X44","X436","CDC"
"Drug-induced","X40–X44","X437","CDC"
"Drug-induced","X40–X44","X438","CDC"
"Drug-induced","X40–X44","X439","CDC"
"Drug-induced","X40–X44","X440","CDC"
"Drug-induced","X40–X44","X441","CDC"
"Drug-induced","X40–X44","X442","CDC"
"Drug-induced","X40–X44","X443","CDC"
"Drug-induced","X40–X44","X444","CDC"
"Drug-induced","X40–X44","X445","CDC"
"Drug-induced","X40–X44","X446","CDC"
"Drug-induced","X40–X44","X447","CDC"
"Drug-induced","X40–X44","X448","CDC"
"Drug-induced","X40–X44","X449","CDC"
"Drug-induced","X60–X64","X600","CDC"
"Drug-induced","X60–X64","X601","CDC"
"Drug-induced","X60–X64","X602","CDC"
"Drug-induced","X60–X64","X603","CDC"
"Drug-induced","X60–X64","X604","CDC"
"Drug-induced","X60–X64","X605","CDC"
"Drug-induced","X60–X64","X606","CDC"
"Drug-induced","X60–X64","X607","CDC"
"Drug-induced","X60–X64","X608","CDC"
"Drug-induced","X60–X64","X609","CDC"
"Drug-induced","X60–X64","X610","CDC"
"Drug-induced","X60–X64","X611","CDC"
"Drug-induced","X60–X64","X612","CDC"
"Drug-induced","X60–X64","X613","CDC"
"Drug-induced","X60–X64","X614","CDC"
"Drug-induced","X60–X64","X615","CDC"
"Drug-induced","X60–X64","X616","CDC"
"Drug-induced","X60–X64","X617","CDC"
"Drug-induced","X60–X64","X618","CDC"
"Drug-induced","X60–X64","X619","CDC"
"Drug-induced","X60–X64","X620","CDC"
"Drug-induced","X60–X64","X621","CDC"
"Drug-induced","X60–X64","X622","CDC"
"Drug-induced","X60–X64","X623","CDC"
"Drug-induced","X60–X64","X624","CDC"
"Drug-induced","X60–X64","X625","CDC"
"Drug-induced","X60–X64","X626","CDC"
"Drug-induced","X60–X64","X627","CDC"
"Drug-induced","X60–X64","X628","CDC"
"Drug-induced","X60–X64","X629","CDC"
"Drug-induced","X60–X64","X630","CDC"
"Drug-induced","X60–X64","X631","CDC"
"Drug-induced","X60–X64","X632","CDC"
"Drug-induced","X60–X64","X633","CDC"
"Drug-induced","X60–X64","X634","CDC"
"Drug-induced","X60–X64","X635","CDC"
"Drug-induced","X60–X64","X636","CDC"
"Drug-induced","X60–X64","X637","CDC"
"Drug-induced","X60–X64","X638","CDC"
"Drug-induced","X60–X64","X639","CDC"
"Drug-induced","X60–X64","X640","CDC"
"Drug-induced","X60–X64","X641","CDC"
"Drug-induced","X60–X64","X642","CDC"
"Drug-induced","X60–X64","X643","CDC"
"Drug-induced","X60–X64","X644","CDC"
"Drug-induced","X60–X64","X645","CDC"
"Drug-induced","X60–X64","X646","CDC"
"Drug-induced","X60–X64","X647","CDC"
"Drug-induced","X60–X64","X648","CDC"
"Drug-induced","X60–X64","X649","CDC"
"Drug-induced","X85","X850","CDC"
"Drug-induced","X85","X851","CDC"
"Drug-induced","X85","X852","CDC"
"Drug-induced","X85","X853","CDC"
"Drug-induced","X85","X854","CDC"
"Drug-induced","X85","X855","CDC"
"Drug-induced","X85","X856","CDC"
"Drug-induced","X85","X857","CDC"
"Drug-induced","X85","X858","CDC"
"Drug-induced","X85","X859","CDC"
"Drug-induced","Y10–Y14","Y100","CDC"
"Drug-induced","Y10–Y14","Y101","CDC"
"Drug-induced","Y10–Y14","Y102","CDC"
"Drug-induced","Y10–Y14","Y103","CDC"
"Drug-induced","Y10–Y14","Y104","CDC"
"Drug-induced","Y10–Y14","Y105","CDC"
"Drug-induced","Y10–Y14","Y106","CDC"
"Drug-induced","Y10–Y14","Y107","CDC"
"Drug-induced","Y10–Y14","Y108","CDC"
"Drug-induced","Y10–Y14","Y109","CDC"
"Drug-induced","Y10–Y14","Y110","CDC"
"Drug-induced","Y10–Y14","Y111","CDC"
"Drug-induced","Y10–Y14","Y112","CDC"
"Drug-induced","Y10–Y14","Y113","CDC"
"Drug-induced","Y10–Y14","Y114","CDC"
"Drug-induced","Y10–Y14","Y115","CDC"
"Drug-induced","Y10–Y14","Y116","CDC"
"Drug-induced","Y10–Y14","Y117","CDC"
"Drug-induced","Y10–Y14","Y118","CDC"
"Drug-induced","Y10–Y14","Y119","CDC"
"Drug-induced","Y10–Y14","Y120","CDC"
"Drug-induced","Y10–Y14","Y121","CDC"
"Drug-induced","Y10–Y14","Y122","CDC"
"Drug-induced","Y10–Y14","Y123","CDC"
"Drug-induced","Y10–Y14","Y124","CDC"
"Drug-induced","Y10–Y14","Y125","CDC"
"Drug-induced","Y10–Y14","Y126","CDC"
"Drug-induced","Y10–Y14","Y127","CDC"
"Drug-induced","Y10–Y14","Y128","CDC"
"Drug-induced","Y10–Y14","Y129","CDC"
"Drug-induced","Y10–Y14","Y130","CDC"
"Drug-induced","Y10–Y14","Y131","CDC"
"Drug-induced","Y10–Y14","Y132","CDC"
"Drug-induced","Y10–Y14","Y133","CDC"
"Drug-induced","Y10–Y14","Y134","CDC"
"Drug-induced","Y10–Y14","Y135","CDC"
"Drug-induced","Y10–Y14","Y136","CDC"
"Drug-induced","Y10–Y14","Y137","CDC"
"Drug-induced","Y10–Y14","Y138","CDC"
"Drug-induced","Y10–Y14","Y139","CDC"
"Drug-induced","Y10–Y14","Y140","CDC"
"Drug-induced","Y10–Y14","Y141","CDC"
"Drug-induced","Y10–Y14","Y142","CDC"
"Drug-induced","Y10–Y14","Y143","CDC"
"Drug-induced","Y10–Y14","Y144","CDC"
"Drug-induced","Y10–Y14","Y145","CDC"
"Drug-induced","Y10–Y14","Y146","CDC"
"Drug-induced","Y10–Y14","Y147","CDC"
"Drug-induced","Y10–Y14","Y148","CDC"
"Drug-induced","Y10–Y14","Y149","CDC"
"Drug-overdose","X40–X44","X400","CDC"
"Drug-overdose","X40–X44","X401","CDC"
"Drug-overdose","X40–X44","X402","CDC"
"Drug-overdose","X40–X44","X403","CDC"
"Drug-overdose","X40–X44","X404","CDC"
"Drug-overdose","X40–X44","X405","CDC"
"Drug-overdose","X40–X44","X406","CDC"
"Drug-overdose","X40–X44","X407","CDC"
"Drug-overdose","X40–X44","X408","CDC"
"Drug-overdose","X40–X44","X409","CDC"
"Drug-overdose","X40–X44","X410","CDC"
"Drug-overdose","X40–X44","X411","CDC"
"Drug-overdose","X40–X44","X412","CDC"
"Drug-overdose","X40–X44","X413","CDC"
"Drug-overdose","X40–X44","X414","CDC"
"Drug-overdose","X40–X44","X415","CDC"
"Drug-overdose","X40–X44","X416","CDC"
"Drug-overdose","X40–X44","X417","CDC"
"Drug-overdose","X40–X44","X418","CDC"
"Drug-overdose","X40–X44","X419","CDC"
"Drug-overdose","X40–X44","X420","CDC"
"Drug-overdose","X40–X44","X421","CDC"
"Drug-overdose","X40–X44","X422","CDC"
"Drug-overdose","X40–X44","X423","CDC"
"Drug-overdose","X40–X44","X424","CDC"
"Drug-overdose","X40–X44","X425","CDC"
"Drug-overdose","X40–X44","X426","CDC"
"Drug-overdose","X40–X44","X427","CDC"
"Drug-overdose","X40–X44","X428","CDC"
"Drug-overdose","X40–X44","X429","CDC"
"Drug-overdose","X40–X44","X430","CDC"
"Drug-overdose","X40–X44","X431","CDC"
"Drug-overdose","X40–X44","X432","CDC"
"Drug-overdose","X40–X44","X433","CDC"
"Drug-overdose","X40–X44","X434","CDC"
"Drug-overdose","X40–X44","X435","CDC"
"Drug-overdose","X40–X44","X436","CDC"
"Drug-overdose","X40–X44","X437","CDC"
"Drug-overdose","X40–X44","X438","CDC"
"Drug-overdose","X40–X44","X439","CDC"
"Drug-overdose","X40–X44","X440","CDC"
"Drug-overdose","X40–X44","X441","CDC"
"Drug-overdose","X40–X44","X442","CDC"
"Drug-overdose","X40–X44","X443","CDC"
"Drug-overdose","X40–X44","X444","CDC"
"Drug-overdose","X40–X44","X445","CDC"
"Drug-overdose","X40–X44","X446","CDC"
"Drug-overdose","X40–X44","X447","CDC"
"Drug-overdose","X40–X44","X448","CDC"
"Drug-overdose","X40–X44","X449","CDC"
"Drug-overdose","X60–X64","X600","CDC"
"Drug-overdose","X60–X64","X601","CDC"
"Drug-overdose","X60–X64","X602","CDC"
"Drug-overdose","X60–X64","X603","CDC"
"Drug-overdose","X60–X64","X604","CDC"
"Drug-overdose","X60–X64","X605","CDC"
"Drug-overdose","X60–X64","X606","CDC"
"Drug-overdose","X60–X64","X607","CDC"
"Drug-overdose","X60–X64","X608","CDC"
"Drug-overdose","X60–X64","X609","CDC"
"Drug-overdose","X60–X64","X610","CDC"
"Drug-overdose","X60–X64","X611","CDC"
"Drug-overdose","X60–X64","X612","CDC"
"Drug-overdose","X60–X64","X613","CDC"
"Drug-overdose","X60–X64","X614","CDC"
"Drug-overdose","X60–X64","X615","CDC"
"Drug-overdose","X60–X64","X616","CDC"
"Drug-overdose","X60–X64","X617","CDC"
"Drug-overdose","X60–X64","X618","CDC"
"Drug-overdose","X60–X64","X619","CDC"
"Drug-overdose","X60–X64","X620","CDC"
"Drug-overdose","X60–X64","X621","CDC"
"Drug-overdose","X60–X64","X622","CDC"
"Drug-overdose","X60–X64","X623","CDC"
"Drug-overdose","X60–X64","X624","CDC"
"Drug-overdose","X60–X64","X625","CDC"
"Drug-overdose","X60–X64","X626","CDC"
"Drug-overdose","X60–X64","X627","CDC"
"Drug-overdose","X60–X64","X628","CDC"
"Drug-overdose","X60–X64","X629","CDC"
"Drug-overdose","X60–X64","X630","CDC"
"Drug-overdose","X60–X64","X631","CDC"
"Drug-overdose","X60–X64","X632","CDC"
"Drug-overdose","X60–X64","X633","CDC"
"Drug-overdose","X60–X64","X634","CDC"
"Drug-overdose","X60–X64","X635","CDC"
"Drug-overdose","X60–X64","X636","CDC"
"Drug-overdose","X60–X64","X637","CDC"
"Drug-overdose","X60–X64","X638","CDC"
"Drug-overdose","X60–X64","X639","CDC"
"Drug-overdose","X60–X64","X640","CDC"
"Drug-overdose","X60–X64","X641","CDC"
"Drug-overdose","X60–X64","X642","CDC"
"Drug-overdose","X60–X64","X643","CDC"
"Drug-overdose","X60–X64","X644","CDC"
"Drug-overdose","X60–X64","X645","CDC"
"Drug-overdose","X60–X64","X646","CDC"
"Drug-overdose","X60–X64","X647","CDC"
"Drug-overdose","X60–X64","X648","CDC"
"Drug-overdose","X60–X64","X649","CDC"
"Drug-overdose","X85","X850","CDC"
"Drug-overdose","X85","X851","CDC"
"Drug-overdose","X85","X852","CDC"
"Drug-overdose","X85","X853","CDC"
"Drug-overdose","X85","X854","CDC"
"Drug-overdose","X85","X855","CDC"
"Drug-overdose","X85","X856","CDC"
"Drug-overdose","X85","X857","CDC"
"Drug-overdose","X85","X858","CDC"
"Drug-overdose","X85","X859","CDC"
"Drug-overdose","Y10–Y14","Y100","CDC"
"Drug-overdose","Y10–Y14","Y101","CDC"
"Drug-overdose","Y10–Y14","Y102","CDC"
"Drug-overdose","Y10–Y14","Y103","CDC"
"Drug-overdose","Y10–Y14","Y104","CDC"
"Drug-overdose","Y10–Y14","Y105","CDC"
"Drug-overdose","Y10–Y14","Y106","CDC"
"Drug-overdose","Y10–Y14","Y107","CDC"
"Drug-overdose","Y10–Y14","Y108","CDC"
"Drug-overdose","Y10–Y14","Y109","CDC"
"Drug-overdose","Y10–Y14","Y110","CDC"
"Drug-overdose","Y10–Y14","Y111","CDC"
"Drug-overdose","Y10–Y14","Y112","CDC"
"Drug-overdose","Y10–Y14","Y113","CDC"
"Drug-overdose","Y10–Y14","Y114","CDC"
"Drug-overdose","Y10–Y14","Y115","CDC"
"Drug-overdose","Y10–Y14","Y116","CDC"
"Drug-overdose","Y10–Y14","Y117","CDC"
"Drug-overdose","Y10–Y14","Y118","CDC"
"Drug-overdose","Y10–Y14","Y119","CDC"
"Drug-overdose","Y10–Y14","Y120","CDC"
"Drug-overdose","Y10–Y14","Y121","CDC"
"Drug-overdose","Y10–Y14","Y122","CDC"
"Drug-overdose","Y10–Y14","Y123","CDC"
"Drug-overdose","Y10–Y14","Y124","CDC"
"Drug-overdose","Y10–Y14","Y125","CDC"
"Drug-overdose","Y10–Y14","Y126","CDC"
"Drug-overdose","Y10–Y14","Y127","CDC"
"Drug-overdose","Y10–Y14","Y128","CDC"
"Drug-overdose","Y10–Y14","Y129","CDC"
"Drug-overdose","Y10–Y14","Y130","CDC"
"Drug-overdose","Y10–Y14","Y131","CDC"
"Drug-overdose","Y10–Y14","Y132","CDC"
"Drug-overdose","Y10–Y14","Y133","CDC"
"Drug-overdose","Y10–Y14","Y134","CDC"
"Drug-overdose","Y10–Y14","Y135","CDC"
"Drug-overdose","Y10–Y14","Y136","CDC"
"Drug-overdose","Y10–Y14","Y137","CDC"
"Drug-overdose","Y10–Y14","Y138","CDC"
"Drug-overdose","Y10–Y14","Y139","CDC"
"Drug-overdose","Y10–Y14","Y140","CDC"
"Drug-overdose","Y10–Y14","Y141","CDC"
"Drug-overdose","Y10–Y14","Y142","CDC"
"Drug-overdose","Y10–Y14","Y143","CDC"
"Drug-overdose","Y10–Y14","Y144","CDC"
"Drug-overdose","Y10–Y14","Y145","CDC"
"Drug-overdose","Y10–Y14","Y146","CDC"
"Drug-overdose","Y10–Y14","Y147","CDC"
"Drug-overdose","Y10–Y14","Y148","CDC"
"Drug-overdose","Y10–Y14","Y149","CDC"
"Drug_Death","D52.1","D521","DOH"
"Drug_Death","D59.0","D590","DOH"
"Drug_Death","D59.2","D592","DOH"
"Drug_Death","D61.1","D611","DOH"
"Drug_Death","D64.2","D642","DOH"
"Drug_Death","E06.4","E064","DOH"
"Drug_Death","E16.0","E160","DOH"
"Drug_Death","E23.1","E231","DOH"
"Drug_Death","E24.2","E242","DOH"
"Drug_Death","E27.3","E273","DOH"
"Drug_Death","E66.1","E661","DOH"
"Drug_Death","F11.1","F111","DOH"
"Drug_Death","F11.2","F112","DOH"
"Drug_Death","F11.3","F113","DOH"
"Drug_Death","F11.4","F114","DOH"
"Drug_Death","F11.5","F115","DOH"
"Drug_Death","F11.7","F117","DOH"
"Drug_Death","F11.8","F118","DOH"
"Drug_Death","F11.9","F119","DOH"
"Drug_Death","F12.1","F121","DOH"
"Drug_Death","F12.2","F122","DOH"
"Drug_Death","F12.3","F123","DOH"
"Drug_Death","F12.4","F124","DOH"
"Drug_Death","F12.5","F125","DOH"
"Drug_Death","F12.7","F127","DOH"
"Drug_Death","F12.8","F128","DOH"
"Drug_Death","F12.9","F129","DOH"
"Drug_Death","F13.1","F131","DOH"
"Drug_Death","F13.2","F132","DOH"
"Drug_Death","F13.3","F133","DOH"
"Drug_Death","F13.4","F134","DOH"
"Drug_Death","F13.5","F135","DOH"
"Drug_Death","F13.7","F137","DOH"
"Drug_Death","F13.8","F138","DOH"
"Drug_Death","F13.9","F139","DOH"
"Drug_Death","F14.1","F141","DOH"
"Drug_Death","F14.2","F142","DOH"
"Drug_Death","F14.3","F143","DOH"
"Drug_Death","F14.4","F144","DOH"
"Drug_Death","F14.5","F145","DOH"
"Drug_Death","F14.7","F147","DOH"
"Drug_Death","F14.8","F148","DOH"
"Drug_Death","F14.9","F149","DOH"
"Drug_Death","F15.1","F151","DOH"
"Drug_Death","F15.2","F152","DOH"
"Drug_Death","F15.3","F153","DOH"
"Drug_Death","F15.4","F154","DOH"
"Drug_Death","F15.5","F155","DOH"
"Drug_Death","F15.7","F157","DOH"
"Drug_Death","F15.8","F158","DOH"
"Drug_Death","F15.9","F159","DOH"
"Drug_Death","F16.1","F161","DOH"
"Drug_Death","F16.2","F162","DOH"
"Drug_Death","F16.3","F163","DOH"
"Drug_Death","F16.4","F164","DOH"
"Drug_Death","F16.5","F165","DOH"
"Drug_Death","F16.7","F167","DOH"
"Drug_Death","F16.8","F168","DOH"
"Drug_Death","F16.9","F169","DOH"
"Drug_Death","F17.3","F173","DOH"
"Drug_Death","F17.4","F174","DOH"
"Drug_Death","F17.5","F175","DOH"
"Drug_Death","F17.7","F177","DOH"
"Drug_Death","F17.8","F178","DOH"
"Drug_Death","F17.9","F179","DOH"
"Drug_Death","F18.1","F181","DOH"
"Drug_Death","F18.2","F182","DOH"
"Drug_Death","F18.3","F183","DOH"
"Drug_Death","F18.4","F184","DOH"
"Drug_Death","F18.5","F185","DOH"
"Drug_Death","F18.7","F187","DOH"
"Drug_Death","F18.8","F188","DOH"
"Drug_Death","F18.9","F189","DOH"
"Drug_Death","F19.1","F191","DOH"
"Drug_Death","F19.2","F192","DOH"
"Drug_Death","F19.3","F193","DOH"
"Drug_Death","F19.4","F194","DOH"
"Drug_Death","F19.5","F195","DOH"
"Drug_Death","F19.7","F197","DOH"
"Drug_Death","F19.8","F198","DOH"
"Drug_Death","F19.9","F199","DOH"
"Drug_Death","G21.1","G211","DOH"
"Drug_Death","G24.0","G240","DOH"
"Drug_Death","G25.1","G251","DOH"
"Drug_Death","G25.4","G254","DOH"
"Drug_Death","G25.6","G256","DOH"
"Drug_Death","G44.4","G444","DOH"
"Drug_Death","G62.0","G620","DOH"
"Drug_Death","G72.0","G720","DOH"
"Drug_Death","I95.2","I952","DOH"
"Drug_Death","J70.2","J702","DOH"
"Drug_Death","J70.3","J703","DOH"
"Drug_Death","J70.4","J704","DOH"
"Drug_Death","K85.3","K853","DOH"
"Drug_Death","L10.5","L105","DOH"
"Drug_Death","L27.0","L270","DOH"
"Drug_Death","L27.1","L271","DOH"
"Drug_Death","M10.2","M102","DOH"
"Drug_Death","M32.0","M320","DOH"
"Drug_Death","M80.4","M804","DOH"
"Drug_Death","M81.4","M814","DOH"
"Drug_Death","M83.5","M835","DOH"
"Drug_Death","M87.1","M871","DOH"
"Drug_Death","R50.2","R502","DOH"
"Drug_Death","R78.1","R781","DOH"
"Drug_Death","R78.2","R782","DOH"
"Drug_Death","R78.3","R783","DOH"
"Drug_Death","R78.4","R784","DOH"
"Drug_Death","R78.5","R785","DOH"
"Drug_Death","T40.0","T400","DOH"
"Drug_Death","T40.1","T401","DOH"
"Drug_Death","T40.2","T402","DOH"
"Drug_Death","T40.3","T403","DOH"
"Drug_Death","T40.4","T404","DOH"
"Drug_Death","T40.6","T406","DOH"
"Drug_Death","X40","X400","DOH"
"Drug_Death","X40","X401","DOH"
"Drug_Death","X40","X402","DOH"
"Drug_Death","X40","X403","DOH"
"Drug_Death","X40","X404","DOH"
"Drug_Death","X40","X405","DOH"
"Drug_Death","X40","X406","DOH"
"Drug_Death","X40","X407","DOH"
"Drug_Death","X40","X408","DOH"
"Drug_Death","X40","X409","DOH"
"Drug_Death","X41","X410","DOH"
"Drug_Death","X41","X411","DOH"
"Drug_Death","X41","X412","DOH"
"Drug_Death","X41","X413","DOH"
"Drug_Death","X41","X414","DOH"
"Drug_Death","X41","X415","DOH"
"Drug_Death","X41","X416","DOH"
"Drug_Death","X41","X417","DOH"
"Drug_Death","X41","X418","DOH"
"Drug_Death","X41","X419","DOH"
"Drug_Death","X42","X420","DOH"
"Drug_Death","X42","X421","DOH"
"Drug_Death","X42","X422","DOH"
"Drug_Death","X42","X423","DOH"
"Drug_Death","X42","X424","DOH"
"Drug_Death","X42","X425","DOH"
"Drug_Death","X42","X426","DOH"
"Drug_Death","X42","X427","DOH"
"Drug_Death","X42","X428","DOH"
"Drug_Death","X42","X429","DOH"
"Drug_Death","X43","X430","DOH"
"Drug_Death","X43","X431","DOH"
"Drug_Death","X43","X432","DOH"
"Drug_Death","X43","X433","DOH"
"Drug_Death","X43","X434","DOH"
"Drug_Death","X43","X435","DOH"
"Drug_Death","X43","X436","DOH"
"Drug_Death","X43","X437","DOH"
"Drug_Death","X43","X438","DOH"
"Drug_Death","X43","X439","DOH"
"Drug_Death","X44","X440","DOH"
"Drug_Death","X44","X441","DOH"
"Drug_Death","X44","X442","DOH"
"Drug_Death","X44","X443","DOH"
"Drug_Death","X44","X444","DOH"
"Drug_Death","X44","X445","DOH"
"Drug_Death","X44","X446","DOH"
"Drug_Death","X44","X447","DOH"
"Drug_Death","X44","X448","DOH"
"Drug_Death","X44","X449","DOH"
"Drug_Death","X60","X600","DOH"
"Drug_Death","X60","X601","DOH"
"Drug_Death","X60","X602","DOH"
"Drug_Death","X60","X603","DOH"
"Drug_Death","X60","X604","DOH"
"Drug_Death","X60","X605","DOH"
"Drug_Death","X60","X606","DOH"
"Drug_Death","X60","X607","DOH"
"Drug_Death","X60","X608","DOH"
"Drug_Death","X60","X609","DOH"
"Drug_Death","X61","X610","DOH"
"Drug_Death","X61","X611","DOH"
"Drug_Death","X61","X612","DOH"
"Drug_Death","X61","X613","DOH"
"Drug_Death","X61","X614","DOH"
"Drug_Death","X61","X615","DOH"
"Drug_Death","X61","X616","DOH"
"Drug_Death","X61","X617","DOH"
"Drug_Death","X61","X618","DOH"
"Drug_Death","X61","X619","DOH"
"Drug_Death","X62","X620","DOH"
"Drug_Death","X62","X621","DOH"
"Drug_Death","X62","X622","DOH"
"Drug_Death","X62","X623","DOH"
"Drug_Death","X62","X624","DOH"
"Drug_Death","X62","X625","DOH"
"Drug_Death","X62","X626","DOH"
"Drug_Death","X62","X627","DOH"
"Drug_Death","X62","X628","DOH"
"Drug_Death","X62","X629","DOH"
"Drug_Death","X63","X630","DOH"
"Drug_Death","X63","X631","DOH"
"Drug_Death","X63","X632","DOH"
"Drug_Death","X63","X633","DOH"
"Drug_Death","X63","X634","DOH"
"Drug_Death","X63","X635","DOH"
"Drug_Death","X63","X636","DOH"
"Drug_Death","X63","X637","DOH"
"Drug_Death","X63","X638","DOH"
"Drug_Death","X63","X639","DOH"
"Drug_Death","X64","X640","DOH"
"Drug_Death","X64","X641","DOH"
"Drug_Death","X64","X642","DOH"
"Drug_Death","X64","X643","DOH"
"Drug_Death","X64","X644","DOH"
"Drug_Death","X64","X645","DOH"
"Drug_Death","X64","X646","DOH"
"Drug_Death","X64","X647","DOH"
"Drug_Death","X64","X648","DOH"
"Drug_Death","X64","X649","DOH"
"Drug_Death","X85","X850","DOH"
"Drug_Death","X85","X851","DOH"
"Drug_Death","X85","X852","DOH"
"Drug_Death","X85","X853","DOH"
"Drug_Death","X85","X854","DOH"
"Drug_Death","X85","X855","DOH"
"Drug_Death","X85","X856","DOH"
"Drug_Death","X85","X857","DOH"
"Drug_Death","X85","X858","DOH"
"Drug_Death","X85","X859","DOH"
"Drug_Death","Y10","Y100","DOH"
"Drug_Death","Y10","Y101","DOH"
"Drug_Death","Y10","Y102","DOH"
"Drug_Death","Y10","Y103","DOH"
"Drug_Death","Y10","Y104","DOH"
"Drug_Death","Y10","Y105","DOH"
"Drug_Death","Y10","Y106","DOH"
"Drug_Death","Y10","Y107","DOH"
"Drug_Death","Y10","Y108","DOH"
"Drug_Death","Y10","Y109","DOH"
"Drug_Death","Y11","Y110","DOH"
"Drug_Death","Y11","Y111","DOH"
"Drug_Death","Y11","Y112","DOH"
"Drug_Death","Y11","Y113","DOH"
"Drug_Death","Y11","Y114","DOH"
"Drug_Death","Y11","Y115","DOH"
"Drug_Death","Y11","Y116","DOH"
"Drug_Death","Y11","Y117","DOH"
"Drug_Death","Y11","Y118","DOH"
"Drug_Death","Y11","Y119","DOH"
"Drug_Death","Y12","Y120","DOH"
"Drug_Death","Y12","Y121","DOH"
"Drug_Death","Y12","Y122","DOH"
"Drug_Death","Y12","Y123","DOH"
"Drug_Death","Y12","Y124","DOH"
"Drug_Death","Y12","Y125","DOH"
"Drug_Death","Y12","Y126","DOH"
"Drug_Death","Y12","Y127","DOH"
"Drug_Death","Y12","Y128","DOH"
"Drug_Death","Y12","Y129","DOH"
"Drug_Death","Y13","Y130","DOH"
"Drug_Death","Y13","Y131","DOH"
"Drug_Death","Y13","Y132","DOH"
"Drug_Death","Y13","Y133","DOH"
"Drug_Death","Y13","Y134","DOH"
"Drug_Death","Y13","Y135","DOH"
"Drug_Death","Y13","Y136","DOH"
"Drug_Death","Y13","Y137","DOH"
"Drug_Death","Y13","Y138","DOH"
"Drug_Death","Y13","Y139","DOH"
"Drug_Death","Y14","Y140","DOH"
"Drug_Death","Y14","Y141","DOH"
"Drug_Death","Y14","Y142","DOH"
"Drug_Death","Y14","Y143","DOH"
"Drug_Death","Y14","Y144","DOH"
"Drug_Death","Y14","Y145","DOH"
"Drug_Death","Y14","Y146","DOH"
"Drug_Death","Y14","Y147","DOH"
"Drug_Death","Y14","Y148","DOH"
"Drug_Death","Y14","Y149","DOH"
"HeatStress_Death","T67.0","T670","DOH"
"HeatStress_Death","T67.1","T671","DOH"
"HeatStress_Death","T67.2","T672","DOH"
"HeatStress_Death","T67.3","T673","DOH"
"HeatStress_Death","T67.4","T674","DOH"
"HeatStress_Death","T67.5","T675","DOH"
"HeatStress_Death","T67.6","T676","DOH"
"HeatStress_Death","T67.7","T677","DOH"
"HeatStress_Death","T67.8","T678","DOH"
"HeatStress_Death","T67.9","T679","DOH"
"HeatStress_Death","X30","X300","DOH"
"HeatStress_Death","X30","X301","DOH"
"HeatStress_Death","X30","X302","DOH"
"HeatStress_Death","X30","X303","DOH"
"HeatStress_Death","X30","X304","DOH"
"HeatStress_Death","X30","X305","DOH"
"HeatStress_Death","X30","X306","DOH"
"HeatStress_Death","X30","X307","DOH"
"HeatStress_Death","X30","X308","DOH"
"HeatStress_Death","X30","X309","DOH"
"Opioid_Death","F11.0","F110","DOH"
"Opioid_Death","F11.1","F111","DOH"
"Opioid_Death","F11.2","F112","DOH"
"Opioid_Death","F11.3","F113","DOH"
"Opioid_Death","F11.4","F114","DOH"
"Opioid_Death","F11.5","F115","DOH"
"Opioid_Death","F11.7","F117","DOH"
"Opioid_Death","F11.8","F118","DOH"
"Opioid_Death","F11.9","F119","DOH"
"Opioid_Death","T40.0","T400","DOH"
"Opioid_Death","T40.1","T401","DOH"
"Opioid_Death","T40.2","T402","DOH"
"Opioid_Death","T40.3","T403","DOH"
"Opioid_Death","T40.4","T404","DOH"
"Opioid_Death","T40.6","T406","DOH"
"Parkinson_Death","G20","G200","DOH"
"Parkinson_Death","G20","G201","DOH"
"Parkinson_Death","G20","G202","DOH"
"Parkinson_Death","G20","G203","DOH"
"Parkinson_Death","G20","G204","DOH"
"Parkinson_Death","G20","G205","DOH"
"Parkinson_Death","G20","G206","DOH"
"Parkinson_Death","G20","G207","DOH"
"Parkinson_Death","G20","G208","DOH"
"Parkinson_Death","G20","G209","DOH"
"Parkinson_Death","G21.11","G2111","DOH"
"Parkinson_Death","G21.19","G2119","DOH"
"Parkinson_Death","G21.8","G218","DOH"
